id,brand,model,screenSize,storage,postage,endTime,returnsAccepted,returnsDays,sellerFeedbackScore,bids,price,ram,resolution,sellerItemsSold,isPolice,sellerLifePercent,sellerYearPercent,isUsed,isBroken,deliverySpeed,startingPrice,isSold
165804927903,amazon,kindle fire 7,7.0,8,0,"08 Dec, 2022 20:12:01 GMT",1,30,-1,"[10.33, 10.0, 8.67, 7.33, 5.0, 4.33, 4.0, 3.67, 1.67, 0.33]",10.33,-1.0,-1,45000,1,99.9,100.0,1,0,0,0.33,1
394371853780,amazon,kindle fire 7,7.0,32,6.92,"12 Dec, 2022 22:37:46 GMT",0,-1,0,[53.0],53.0,-1.0,-1,4,0,0.0,0.0,0,0,2,53.0,1
225302534375,amazon,kindle fire 7,7.0,16,0,"17 Dec, 2022 11:01:15 GMT",0,-1,237,"[23.5, 22.5, 22.0]",23.5,0.5,-1,132,0,100.0,100.0,1,0,0,10.0,1
225295354354,amazon,kindle fire 7,7.0,16,0,"13 Dec, 2022 13:57:13 GMT",0,-1,237,"[31.0, 30.35, 12.0, 10.0]",31.0,0.5,-1,132,0,100.0,100.0,1,0,0,10.0,1
175532653225,amazon,kindle fire 7,7.0,16,3.59,"14 Dec, 2022 20:50:56 GMT",0,-1,2753,"[9.5, 9.0, 9.0, 7.0]",9.5,-1.0,-1,2500,0,100.0,100.0,1,0,1,5.0,1
144848795660,amazon,kindle fire 7,7.0,16,6.92,"17 Dec, 2022 08:23:39 GMT",0,-1,74,"[32.79, 31.79, 27.0, 25.0]",32.79,0.5,-1,69,0,0.0,0.0,1,0,2,22.6,1
125667318619,amazon,kindle fire kids 7,7.0,16,4.00,"17 Dec, 2022 16:47:11 GMT",0,-1,301,"[31.0, 30.0, 22.0]",31.0,-1.0,-1,234,0,100.0,100.0,1,0,0,19.0,1
334660330898,amazon,kindle fire kids 7,7.0,16,3.85,"13 Dec, 2022 08:54:49 GMT",0,-1,546,"[43.58, 42.58, 36.0, 27.0, 21.0, 16.0, 15.0, 14.0, 10.0, 9.0, 9.0, 6.15, 2.0]",43.58,1.0,1024x600,312,0,100.0,100.0,1,0,1,0.99,1
175528455175,amazon,kindle fire 7,7.0,16,4.99,"14 Dec, 2022 12:29:00 GMT",0,-1,25,"[57.0, 56.0, 53.0]",57.0,2.0,-1,63,0,100.0,100.0,0,0,1,29.99,1
234812569423,amazon,kindle fire hd,7.0,16,3.93,"13 Dec, 2022 15:59:00 GMT",0,-1,682,"[11.99, 11.49]",11.99,-1.0,-1,834,0,100.0,100.0,1,0,2,9.99,1
225299130448,amazon,kindle fire 7,7.0,16,6.92,"15 Dec, 2022 13:32:50 GMT",0,-1,421,[20.0],20.0,1.0,1024x600,57,0,85.7,89.0,1,0,2,20.0,1
175525216298,amazon,kindle fire hd kids 10,10.1,32,4.99,"15 Dec, 2022 22:04:47 GMT",0,-1,1084,"[77.0, 75.0, 60.0, 50.0, 35.0, 33.0, 30.0, 30.0, 28.0, 20.0, 18.0, 15.0]",77.0,-1.0,-1,1300,0,99.2,99.0,1,0,2,15.0,1
115635142715,amazon,kindle fire d01400,8.0,8,5.93,"15 Dec, 2022 18:14:01 GMT",0,-1,651,"[6.5, 6.0, 5.0, 4.07]",6.5,1.5,1280x800,177,0,100.0,96.0,1,0,2,3.99,1
125662171948,amazon,kindle fire 7,7.0,16,3.93,"16 Dec, 2022 13:29:15 GMT",0,-1,333,"[34.0, 33.0, 27.0, 26.0]",34.0,-1.0,-1,135,0,100.0,100.0,1,0,2,25.0,1
404041680804,amazon,kindle fire 7,7.0,16,4.45,"13 Dec, 2022 21:43:55 GMT",0,-1,1063,"[40.0, 39.0, 22.0, 18.0, 16.0, 15.0]",40.0,-1.0,-1,818,0,100.0,100.0,0,0,1,15.0,1
334566950163,amazon,kindle fire 7,7.0,8,4.00,"25 Sep, 2022 14:57:01 BST",0,-1,810,[18.0],18.0,-1.0,-1,147,0,100.0,100.0,1,0,0,18.0,1
204182932163,amazon,kindle fire hd8 kids,8.0,32,3.58,"16 Dec, 2022 18:45:03 GMT",0,-1,509,"[33.0, 32.0, 24.0, 22.0, 11.0]",33.0,-1.0,1280x800,314,0,100.0,100.0,1,0,0,10.0,1
314271532686,amazon,kindle fire kids 7,7.0,16,6.92,"15 Dec, 2022 18:32:12 GMT",0,-1,11,"[47.0, 46.0, 40.0, 25.33, 23.0]",47.0,1.0,1024x600,25,0,100.0,100.0,0,0,2,21.3,1
295309121518,amazon,kindle fire 7,7.0,-1,3.35,"07 Nov, 2022 20:23:48 GMT",0,-1,172,"[9.5, 9.0]",9.5,-1.0,-1,122,0,100.0,100.0,1,0,0,4.99,1
334618668394,amazon,kindle fire hd 7,7.0,16,6.92,"09 Nov, 2022 14:29:59 GMT",0,-1,105,"[7.0, 7.0, 5.0]",7.0,-1.0,-1,160,0,92.3,88.0,1,0,2,4.99,1
155303759384,amazon,kindle fire 7,7.0,16,6.92,"18 Dec, 2022 11:45:26 GMT",0,-1,133,"[36.0, 35.0, 19.0, 15.0]",36.0,-1.0,-1,4,0,100.0,100.0,1,0,2,15.0,1
266035251461,amazon,kindle fire 7,7.0,16,5.25,"17 Dec, 2022 20:00:16 GMT",0,-1,2756,"[9.0, 8.5]",9.0,-1.0,-1,3300,0,100.0,100.0,1,0,1,7.99,1
204171621884,amazon,kindle fire 7,7.0,16,8.00,"04 Dec, 2022 13:52:47 GMT",0,-1,9,"[55.23, 54.23, 42.0, 31.0, 30.0, 25.0, 24.0, 22.0]",55.23,-1.0,-1,7,0,100.0,100.0,0,0,2,15.0,1
134360089062,amazon,kindle fire 9,7.0,32,3.50,"17 Dec, 2022 19:27:41 GMT",0,-1,493,"[26.0, 25.0, 24.0]",26.0,-1.0,1024x600,802,0,100.0,99.0,0,0,2,23.9,1
115634694342,amazon,kindle fire 7,7.0,32,6.92,"17 Dec, 2022 10:24:28 GMT",0,-1,471,"[24.0, 23.0, 17.0, 16.0, 1.0]",24.0,-1.0,-1,487,0,100.0,100.0,1,0,2,0.99,1
314240937088,amazon,kindle fire 8 + 7,7.0,32,6.00,"01 Dec, 2022 17:41:29 GMT",0,-1,373,[12.0],12.0,-1.0,1280x800,580,0,99.3,98.0,1,0,1,12.0,1
225284819911,amazon,kindle fire kids 7,7.0,16,8.00,"13 Dec, 2022 19:54:38 GMT",0,-1,43,[20.0],20.0,-1.0,-1,48,0,100.0,100.0,1,0,2,20.0,1
125657718990,amazon,kindle fire 7,7.0,16,3.93,"17 Dec, 2022 22:26:09 GMT",0,-1,1153,"[17.5, 16.5, 10.0]",17.5,-1.0,-1,863,0,100.0,100.0,1,0,2,5.0,1
234806923087,amazon,kindle fire hd 8,8.0,32,6.92,"11 Dec, 2022 20:15:01 GMT",0,-1,71,"[47.0, 46.0, 36.0]",47.0,1.5,-1,59,0,100.0,100.0,1,0,2,24.0,1
304729845994,amazon,kindle fire 7,7.0,16,6.92,"16 Dec, 2022 20:32:04 GMT",0,-1,5,"[27.0, 26.0, 20.0, 19.0]",27.0,-1.0,-1,1,0,100.0,100.0,0,0,2,18.75,1
325446405453,amazon,kindle fire 7,7.0,16,2.75,"16 Dec, 2022 09:00:01 GMT",0,-1,287,"[31.0, 30.0, 30.0, 26.0]",31.0,-1.0,1024x600,185,0,100.0,100.0,0,0,0,25.0,1
134352716288,amazon,kindle fire kids 7,7.0,16,6.85,"11 Dec, 2022 19:43:43 GMT",0,-1,713,"[38.0, 38.0, 35.88, 32.0, 23.0, 18.0, 17.0, 15.0, 15.0, 14.0, 12.0]",38.0,-1.0,-1,333,0,100.0,100.0,1,0,2,10.0,1
234770466299,amazon,kindle fire kids 7,7.0,16,4.45,"12 Nov, 2022 21:00:01 GMT",0,-1,416,"[42.0, 41.0, 37.0, 35.0, 33.0, 32.0, 31.0]",42.0,1.0,1024x600,403,0,100.0,100.0,1,0,0,30.0,1
155305813801,amazon,kindle fire 7,7.0,8,6.92,"15 Dec, 2022 15:17:53 GMT",1,14,103,"[11.5, 11.0, 10.0, 9.5, 9.0, 7.0, 4.0, 4.0, 1.0]",11.5,8.0,-1,123,0,100.0,100.0,1,0,2,0.99,1
334635021265,amazon,kindle fire kids 7,7.0,16,3.35,"27 Nov, 2022 14:01:42 GMT",0,-1,182,"[31.0, 30.0, 28.0, 16.0, 15.0]",31.0,1.0,1024x600,147,0,100.0,100.0,1,0,0,15.0,1
175521683480,apple,ipad pro 5,12.9,128,8.95,"11 Dec, 2022 14:22:47 GMT",0,-1,11,[],850.0,-1.0,-1,19,0,100.0,100.0,0,0,2,850.0,0
175514806454,apple,ipad pro 5,12.9,128,8.95,"06 Dec, 2022 14:22:22 GMT",0,-1,11,[],850.0,-1.0,-1,19,0,100.0,100.0,0,0,2,850.0,0
175506147262,apple,ipad pro 5,12.9,128,8.95,"01 Dec, 2022 14:20:20 GMT",0,-1,11,[],850.0,-1.0,-1,19,0,100.0,100.0,0,0,2,850.0,0
175495831828,apple,ipad pro 5,12.9,128,8.95,"26 Nov, 2022 02:50:58 GMT",0,-1,11,[850.0],850.0,-1.0,-1,19,0,100.0,100.0,0,0,2,850.0,1
165760275601,apple,ipad pro 5,12.9,128,12.40,"20 Nov, 2022 20:13:01 GMT",1,30,-1,"[891.0, 871.0, 801.0, 760.0, 720.0, 710.0, 650.0, 608.0, 587.0, 580.0, 567.0, 516.83, 236.0, 201.0, 190.0, 97.0, 85.0]",891.0,-1.0,-1,45000,1,99.9,100.0,0,0,2,0.99,1
295308485783,apple,ipad pro 5,12.9,128,9.95,"07 Nov, 2022 12:47:49 GMT",0,-1,831,"[720.0, 700.0, 680.0, 660.0, 640.0, 600.0, 590.0, 530.0, 510.0, 500.0, 406.0, 400.0]",720.0,-1.0,-1,1100,0,100.0,100.0,1,0,2,386.0,1
295294325702,apple,ipad pro 5,12.9,128,9.95,"30 Oct, 2022 16:37:11 GMT",0,-1,831,"[801.0, 800.0, 600.0, 556.0, 486.0, 476.0, 476.0, 456.0, 446.0, 436.0, 426.0, 416.0, 410.0, 396.0]",801.0,-1.0,-1,1100,0,100.0,100.0,1,0,2,386.0,1
144784820003,apple,ipad pro 5,12.9,128,8.99,"03 Nov, 2022 12:42:26 GMT",1,30,3345,"[430.0, 420.0, 400.0, 390.0, 380.0, 300.0, 146.0, 142.0, 90.0, 88.0, 75.0, 57.0, 55.0, 52.0, 50.0, 40.0, 11.0, 10.0, 3.0]",430.0,8.0,-1,8300,0,99.8,100.0,1,1,2,0.99,1
144784629727,apple,ipad pro 5,12.9,128,8.99,"03 Nov, 2022 09:10:00 GMT",1,30,3345,"[360.0, 350.0, 339.0, 205.0, 200.0, 200.0, 150.0, 13.0, 8.0, 3.0]",360.0,8.0,-1,8300,0,99.8,100.0,1,1,2,0.99,1
314212961482,apple,ipad pro 5,12.9,128,9.00,"08 Nov, 2022 22:19:59 GMT",0,-1,31,"[390.0, 380.0, 360.0, 350.0, 340.0, 255.0, 250.0, 240.0, 220.0, 210.0, 160.0, 150.0]",390.0,-1.0,-1,3,0,100.0,100.0,1,1,1,0.99,1
165760272638,apple,ipad pro 5,12.9,128,12.40,"17 Nov, 2022 20:26:01 GMT",1,30,-1,"[770.0, 750.0, 750.0, 668.0, 628.0, 608.0, 602.0, 567.89, 550.0, 500.0, 388.88, 205.0, 136.0, 2.0]",770.0,-1.0,-1,45000,1,99.9,100.0,0,0,2,0.99,1
314180292416,apple,ipad pro 5,12.9,128,5.00,"09 Oct, 2022 21:31:09 BST",0,-1,188,"[850.0, 839.0, 810.0, 765.0, 750.0, 700.0, 645.0, 565.0, 520.0, 505.0]",850.0,-1.0,-1,52,0,100.0,100.0,0,0,2,500.0,1
314203522663,apple,ipad pro 5,12.9,128,9.00,"01 Nov, 2022 19:51:57 GMT",0,-1,31,"[620.0, 450.0, 600.0, 390.0, 370.0, 370.0, 350.0, 220.0, 20.0, 4.3]",620.0,-1.0,-1,3,0,100.0,100.0,1,1,1,0.99,1
385218239164,apple,ipad pro 5,12.9,128,18.00,"10 Nov, 2022 20:02:06 GMT",0,-1,223,"[655.0, 651.0, 615.0, 570.0]",655.0,8.0,2732x2048,9,0,100.0,100.0,1,0,2,470.0,1
404006736298,apple,ipad pro 6,12.9,128,8.05,"27 Nov, 2022 20:11:01 GMT",0,-1,132,"[975.0, 955.0, 900.0, 541.0, 535.0, 521.0, 515.0, 500.0, 434.0]",975.0,-1.0,-1,154,0,100.0,100.0,0,0,1,424.0,1
325430681811,apple,ipad pro 5,12.9,128,19.45,"26 Nov, 2022 12:05:24 GMT",0,-1,361,"[772.0, 752.0, 720.0, 700.0]",772.0,-1.0,-1,53,0,100.0,100.0,0,0,2,699.0,1
175497525058,apple,ipad pro 6,12.9,128,0,"21 Nov, 2022 13:30:51 GMT",0,-1,120,"[1010.0, 1000.0, 871.0, 831.0, 771.0, 712.0, 550.01, 430.0, 100.0, 40.08]",1010.0,-1.0,-1,42,0,100.0,100.0,0,0,2,0.99,1
165745017330,apple,ipad pro 5,12.9,256,9.00,"29 Oct, 2022 20:30:38 BST",0,-1,196,"[820.0, 800.0, 730.0, 700.0, 650.0, 640.0, 590.0, 580.0, 560.0, 370.0, 310.0, 250.0, 210.0, 200.0, 200.0, 116.0, 23.0, 20.0, 4.0, 3.0, 2.0]",820.0,-1.0,-1,173,0,100.0,100.0,1,0,2,0.99,1
165750215870,apple,ipad pro 5,12.9,256,9.00,"04 Nov, 2022 18:00:01 GMT",0,-1,196,"[801.0, 789.89, 761.0, 661.0, 650.0, 600.0, 560.6, 540.0, 370.0, 330.0, 300.0, 260.0, 140.0, 100.0, 50.0, 1.0]",801.0,-1.0,-1,173,0,100.0,100.0,1,0,2,0.99,1
175495112705,apple,ipad pro 6,12.9,128,0,"19 Nov, 2022 13:27:42 GMT",0,-1,120,"[1180.0, 1160.0, 200.0, 20.0]",1180.0,-1.0,-1,42,0,100.0,100.0,0,0,2,0.99,1
165732419807,apple,ipad pro 5,12.9,256,4.99,"26 Oct, 2022 13:22:04 BST",0,-1,603,"[825.0, 805.0, 750.0, 745.0, 685.0, 660.0, 625.0, 600.0, 582.0, 572.0, 552.0, 522.0, 480.0, 470.0, 450.0, 440.0, 420.0]",825.0,-1.0,-1,761,0,100.0,100.0,1,0,2,399.99,1
165825573171,apple,ipad pro 6,12.9,256,6.92,"15 Dec, 2022 13:56:59 GMT",0,-1,603,"[980.0, 960.0, 940.0, 851.0, 700.0, 581.0, 561.0, 550.0, 480.0, 460.0, 410.0, 400.0]",980.0,-1.0,-1,761,0,100.0,100.0,1,0,2,399.99,1
185685812090,apple,ipad pro 5,12.9,256,19.95,"10 Dec, 2022 15:42:24 GMT",0,-1,171,"[840.0, 820.0, 800.0, 689.0, 500.0, 341.0, 321.0]",840.0,-1.0,-1,131,0,100.0,100.0,1,0,2,295.95,1
144783226014,apple,ipad pro 5,12.9,128,8.99,"02 Nov, 2022 10:25:30 GMT",1,30,3345,"[339.0, 329.0, 300.01, 258.0, 169.0, 150.0, 70.0, 56.0, 40.0, 9.0, 6.0, 4.0, 3.0]",339.0,8.0,-1,8300,0,99.8,100.0,1,1,2,0.99,1
204124733046,apple,ipad pro 4,12.9,128,8.95,"19 Oct, 2022 13:37:52 BST",0,-1,594,"[452.0, 442.0, 440.0, 421.1, 410.0]",452.0,-1.0,-1,410,0,100.0,100.0,1,0,2,400.0,1
354380285938,apple,ipad pro 6,12.9,128,0,"14 Nov, 2022 19:45:01 GMT",0,-1,5,"[1190.0, 1170.0, 1050.0, 1010.0, 800.0, 526.0, 506.0]",1190.0,-1.0,-1,5,0,100.0,100.0,0,0,2,506.0,1
204142574192,apple,ipad pro 5,12.9,128,10.00,"13 Nov, 2022 21:00:01 GMT",0,-1,272,"[720.0, 700.0, 651.0, 611.0, 401.0]",720.0,-1.0,-1,88,0,100.0,100.0,1,0,2,401.0,1
403997640055,apple,ipad pro 6,12.9,128,5.32,"20 Nov, 2022 18:44:28 GMT",0,-1,0,"[1010.0, 1000.0, 890.0, 870.0, 850.0]",1010.0,-1.0,-1,0,0,0.0,0.0,0,0,2,850.0,1
234772705154,apple,ipad pro 4,12.9,128,8.95,"16 Nov, 2022 13:26:17 GMT",0,-1,1853,"[490.0, 480.0, 450.0, 449.0, 350.0, 300.0, 220.0, 210.0, 150.0]",490.0,-1.0,-1,1900,0,100.0,98.0,1,0,2,99.0,1
204159765725,apple,ipad pro 5,12.9,256,0,"24 Nov, 2022 03:52:48 GMT",1,14,4,"[943.0, 941.0, 823.0, 720.0]",943.0,-1.0,-1,5,0,100.0,100.0,0,0,2,700.0,1
125542682808,apple,ipad pro 5,12.9,256,11.15,"05 Oct, 2022 18:14:41 BST",0,-1,286,"[851.0, 800.1]",851.0,-1.0,2732x2048,7,0,100.0,100.0,0,0,2,650.0,1
165764859049,apple,ipad pro 5,12.9,128,12.00,"08 Nov, 2022 09:44:10 GMT",1,30,-1,"[551.0, 541.0, 520.0, 510.0, 502.26, 488.0, 468.0, 428.0, 400.0]",551.0,-1.0,-1,3800,0,100.0,100.0,1,0,2,374.0,1
225265796230,apple,ipad pro 6,12.9,128,0,"24 Nov, 2022 20:40:48 GMT",0,-1,158,"[1020.0, 1000.0, 960.0]",1020.0,-1.0,-1,70,0,100.0,100.0,0,0,2,900.0,1
144798197901,apple,ipad pro 6,12.9,512,15.45,"07 Nov, 2022 12:10:58 GMT",0,-1,1233,"[1039.0, 1019.0, 999.0]",1039.0,-1.0,-1,648,0,100.0,100.0,1,0,2,999.0,1
285029966913,apple,ipad pro 5,12.9,128,11.15,"12 Nov, 2022 20:05:01 GMT",0,-1,2903,"[1020.0, 1000.0, 925.0, 825.0, 800.0, 720.0, 715.0, 680.0]",1020.0,8.0,-1,418,0,100.0,100.0,1,0,2,650.0,1
134344950687,apple,ipad pro 1,12.9,128,8.05,"04 Dec, 2022 16:00:01 GMT",0,-1,569,"[129.0, 127.0, 126.0, 120.0, 110.0, 98.0, 90.0, 90.0, 82.0, 80.0, 80.0, 72.0, 70.0, 60.0, 50.0]",129.0,-1.0,-1,242,0,100.0,100.0,1,0,1,49.0,1
265990934367,apple,ipad pro 5,12.9,256,15.00,"22 Nov, 2022 12:47:24 GMT",0,-1,519,"[820.0, 800.0, 780.0, 760.0, 740.0, 700.0, 640.0, 620.0, 550.0, 490.0, 430.0, 410.0, 400.0, 350.0, 275.0, 260.0, 240.0, 150.0]",820.0,-1.0,-1,223,0,100.0,100.0,1,0,2,0.99,1
275547652694,apple,ipad pro 5,12.9,2048,0,"27 Nov, 2022 17:23:35 GMT",0,-1,272,"[1220.0, 1200.0, 990.0, 970.0, 910.0, 780.0, 740.0, 590.0, 300.0, 200.0, 165.0, 155.0, 150.0, 129.0, 125.0, 108.0, 84.0]",1220.0,-1.0,-1,219,0,92.9,93.0,1,0,2,0.99,1
285009696486,apple,ipad pro 5,12.9,128,11.15,"24 Oct, 2022 19:27:01 BST",0,-1,2903,"[1102.86, 1100.0, 969.0, 929.0, 888.75, 770.0, 750.0, 640.0, 600.0, 600.0, 510.0]",1102.86,8.0,-1,418,0,100.0,100.0,1,0,2,500.0,1
314181396528,apple,ipad pro 5,12.9,256,5.00,"10 Oct, 2022 22:06:33 BST",0,-1,188,"[870.0, 850.0, 820.0, 701.0, 620.0, 530.0, 510.0]",870.0,-1.0,-1,52,0,100.0,100.0,0,0,2,500.0,1
334582128892,apple,ipad pro 5,12.9,128,11.65,"09 Oct, 2022 11:00:30 BST",0,-1,488,"[750.0, 740.0, 700.0, 680.0, 640.0, 590.0, 500.0]",750.0,-1.0,-1,71,0,100.0,100.0,1,0,2,450.0,1
394340022337,apple,ipad pro 5,12.9,512,11.15,"19 Nov, 2022 14:30:33 GMT",0,-1,567,"[1060.0, 1050.0, 940.0, 760.0, 740.0, 700.0, 650.0, 621.0, 561.0, 541.0]",1060.0,8.0,2732x2048,136,0,100.0,100.0,0,0,2,491.0,1
115618968132,apple,ipad pro 6,12.9,128,10.00,"04 Dec, 2022 15:05:38 GMT",0,-1,17,"[1050.0, 1050.0, 990.0]",1050.0,-1.0,-1,1,0,100.0,100.0,0,0,2,950.0,1
125659055031,apple,ipad pro 5,12.9,256,0,"14 Dec, 2022 19:58:13 GMT",0,-1,244,"[1390.0, 1370.0, 1125.61, 1010.0, 782.65, 742.0, 600.0]",1390.0,-1.0,-1,199,0,100.0,100.0,1,0,0,450.0,1
285052515266,apple,ipad pro 5,12.9,128,0,"03 Dec, 2022 09:58:06 GMT",0,-1,394,"[749.0, 729.0, 660.0, 640.0, 600.0]",749.0,8.0,2732x2048,343,0,100.0,100.0,1,0,2,539.0,1
155203040719,apple,ipad pro 5,12.9,128,9.00,"13 Oct, 2022 19:06:27 BST",0,-1,348,"[641.0, 621.0, 570.0, 560.0, 551.0, 511.0, 476.0, 473.0, 451.0, 450.0, 275.0, 110.0, 5.0]",641.0,-1.0,-1,179,0,100.0,100.0,1,0,1,0.99,1
295320832640,apple,ipad pro 5,12.9,128,6.92,"13 Nov, 2022 20:00:01 GMT",0,-1,1078,"[710.0, 705.0, 650.0]",710.0,-1.0,-1,446,0,100.0,100.0,1,0,2,650.0,1
265944598870,apple,ipad pro 5,12.9,128,9.50,"26 Oct, 2022 16:34:19 BST",0,-1,301,"[722.0, 702.0, 700.5, 660.0, 650.0, 620.0, 490.0, 480.0, 460.0, 420.0, 410.0, 360.0, 310.0, 250.0, 213.0, 188.0]",722.0,2.0,2160x1620,169,0,100.0,100.0,0,0,1,188.0,1
165737473203,apple,ipad pro 5,12.9,256,6.00,"25 Oct, 2022 09:44:37 BST",0,-1,135,"[800.89, 780.89, 730.0, 720.05, 620.5, 502.0, 385.0, 365.0, 355.0, 340.0, 320.0, 310.0, 200.0, 150.0, 20.0, 10.0]",800.89,0.25,2732x2048,45,0,88.9,89.0,1,0,1,0.99,1
175480803779,apple,ipad pro 5,12.9,256,8.00,"14 Nov, 2022 19:00:01 GMT",0,-1,34,"[960.0, 940.0, 920.0, 900.0, 899.0, 780.0, 720.0, 670.0, 650.0, 520.0, 500.0, 400.0, 357.0, 85.0, 40.0, 1.0]",960.0,-1.0,-1,92,0,100.0,100.0,1,0,0,0.99,1
295401045128,apple,ipad pro 5,12.9,128,9.50,"11 Dec, 2022 15:00:45 GMT",0,-1,226,"[780.0, 760.0, 740.0, 600.0]",780.0,-1.0,2732x2048,58,0,100.0,100.0,1,0,0,600.0,1
255867381325,apple,ipad pro 4,12.9,256,6.92,"10 Dec, 2022 20:02:33 GMT",0,-1,334,"[265.0, 260.0, 260.0, 250.0, 102.0, 94.0, 50.0]",265.0,-1.0,-1,46,0,100.0,100.0,1,0,2,50.0,1
314248750941,apple,ipad pro 6,12.9,128,15.00,"04 Dec, 2022 19:00:01 GMT",0,-1,1064,"[1064.0, 1044.0, 984.0, 964.0, 804.0, 700.0, 620.0, 600.0, 580.0, 330.0, 250.0]",1064.0,-1.0,-1,487,0,100.0,100.0,0,0,2,0.99,1
195453153988,apple,ipad pro 5,12.9,128,16.20,"11 Nov, 2022 21:07:05 GMT",0,-1,6,"[870.0, 850.0]",870.0,-1.0,-1,8,0,100.0,100.0,1,0,1,850.0,1
134350553013,apple,ipad pro 6,12.9,128,0,"05 Dec, 2022 23:55:15 GMT",0,-1,4,[949.0],949.0,-1.0,-1,20,0,100.0,100.0,0,0,2,949.0,1
195425283631,apple,ipad pro 5,12.9,2048,0,"28 Oct, 2022 00:31:29 BST",1,30,956,"[1220.0, 1200.0, 1179.99, 999.0, 840.0, 800.0, 780.0, 530.0, 510.0]",1220.0,-1.0,-1,3000,0,99.4,99.0,1,0,2,500.0,1
295421248619,apple,ipad pro 5,12.9,128,19.45,"17 Dec, 2022 10:12:40 GMT",0,-1,37,"[800.0, 800.0, 680.0, 605.55, 550.0, 520.0, 360.0, 234.0, 224.0]",800.0,8.0,-1,34,0,0.0,0.0,1,0,2,224.0,1
165756326318,lenovo,tab 2 a7,7.0,16,0,"16 Nov, 2022 20:12:01 GMT",1,30,-1,"[36.94, 35.94, 35.08, 30.0, 27.2, 25.0, 19.85, 11.0, 1.5]",36.94,-1.0,-1,45000,1,99.9,100.0,0,0,0,0.99,1
165708211884,lenovo,tab 2 a7,7.0,16,0,"26 Oct, 2022 20:16:00 BST",1,30,-1,"[37.0, 36.0, 31.0, 25.0, 21.0, 16.0, 15.02, 2.0]",37.0,-1.0,-1,45000,1,99.9,100.0,0,0,0,0.99,1
165708207519,lenovo,tab 2 a7,7.0,16,0,"24 Oct, 2022 20:05:00 BST",1,30,-1,"[32.98, 31.98, 24.0, 23.0, 23.0, 21.0, 20.0, 14.0, 10.0, 3.0, 2.0]",32.98,-1.0,-1,45000,1,99.9,100.0,0,0,0,0.99,1
165708211262,lenovo,tab 2 a7,7.0,16,0,"18 Oct, 2022 20:11:01 BST",1,30,-1,"[52.0, 51.0, 45.0, 43.0, 41.0, 31.0, 24.0, 21.86, 18.0, 15.0, 1.0]",52.0,-1.0,-1,45000,1,99.9,100.0,0,0,0,0.99,1
304667749264,lenovo,tab 2 a7,7.0,8,2.76,"22 Oct, 2022 17:34:53 BST",0,-1,477,"[15.24, 15.0, 12.0, 11.0]",15.24,1.0,-1,241,0,97.8,95.0,1,0,0,5.99,1
165742646450,amazon,kindle paperwhite 7,6.0,4,4.20,"15 Nov, 2022 20:17:00 GMT",1,30,-1,"[34.0, 33.0, 31.17, 29.0, 26.0, 23.0, 13.0, 8.0, 8.0, 7.0, 6.0, 6.0, 3.53]",34.0,-1.0,-1,45000,1,99.9,100.0,1,0,0,0.99,1
165724632465,amazon,kindle paperwhite 7,7.0,4,0,"26 Oct, 2022 20:07:00 BST",1,30,-1,"[22.0, 21.0, 15.0, 15.0, 7.0, 6.0]",22.0,-1.0,-1,45000,1,99.9,100.0,1,0,0,0.99,1
125622029101,amazon,kindle paperwhite 7,6.0,4,3.50,"27 Nov, 2022 16:14:45 GMT",0,-1,793,"[57.0, 56.0, 52.0, 41.6, 23.42, 21.0, 21.0]",57.0,-1.0,-1,609,0,100.0,100.0,1,0,0,20.0,1
125548452753,amazon,kindle paperwhite 7,6.0,4,3.55,"08 Oct, 2022 21:57:00 BST",0,-1,81,[40.0],40.0,4.0,,48,0,100.0,100.0,1,0,0,34.99,1
125532761567,amazon,kindle paperwhite 7,6.0,4,3.35,"06 Oct, 2022 21:15:35 BST",0,-1,107,"[42.0, 41.0, 40.0, 31.0, 30.0, 28.0, 25.0]",42.0,4.0,1440x1080,81,0,100.0,100.0,1,0,0,24.0,1
285047233166,amazon,kindle paperwhite 6,6.0,2,4.45,"28 Nov, 2022 18:42:38 GMT",0,-1,987,"[38.0, 37.0, 36.75, 32.5, 25.0, 20.0, 17.0, 15.0, 10.0]",38.0,-1.0,-1,823,0,100.0,100.0,1,0,0,10.0,1
165723113564,amazon,kindle fire 7,7.0,8,3.20,"09 Nov, 2022 20:03:00 GMT",1,30,-1,"[22.0, 21.88, 18.0, 11.8, 11.0, 9.0, 7.0, 5.0, 2.0, 0.99]",22.0,-1.0,-1,45000,1,99.9,100.0,1,0,0,0.99,1
165724664124,amazon,kindle fire hd 7,8.0,12,0,"30 Oct, 2022 19:04:00 GMT",1,30,-1,"[26.0, 25.0, 20.0, 10.0, 8.0, 7.0, 3.0]",26.0,-1.0,-1,45000,1,99.9,100.0,1,0,0,0.99,1
125653427732,amazon,kindle fire 12,8.0,32,0,"13 Dec, 2022 20:00:01 GMT",0,-1,179,"[57.04, 56.22, 50.0, 50.0, 33.0, 31.0, 30.0, 25.0]",57.04,2.0,-1,53,0,100.0,100.0,0,0,0,19.99,1
165731060052,amazon,kindle fire hd 5,10.0,16,0,"01 Nov, 2022 19:09:01 GMT",1,30,-1,"[39.0, 38.0, 26.0, 25.0, 10.0, 5.0]",39.0,-1.0,-1,45000,1,99.9,100.0,1,0,0,0.99,1
165724749645,amazon,kindle fire hd 3,7.0,12,3.20,"30 Oct, 2022 19:14:01 GMT",1,30,-1,"[17.0, 16.0, 15.0, 3.0, 2.0]",17.0,-1.0,-1,45000,1,99.9,100.0,1,0,0,0.99,1
285064790560,amazon,kindle fire hd 12,8.0,32,4.99,"10 Dec, 2022 22:09:49 GMT",0,-1,3422,"[57.0, 56.0, 55.0, 49.0, 47.0, 41.0, 38.0, 33.01, 32.0, 30.5, 20.0]",57.0,2.0,-1,3300,0,100.0,99.0,0,0,2,9.99,1
165726248850,amazon,kindle fire hd 10,8.0,32,0,"30 Oct, 2022 19:14:01 GMT",1,30,-1,"[41.0, 40.0, 35.0, 30.0, 26.0, 25.0, 20.0, 15.0, 6.0]",41.0,-1.0,-1,45000,1,99.9,100.0,1,0,0,0.99,1
115634919988,amazon,kindle fire hd 7,8.0,16,5.35,"17 Dec, 2022 14:05:27 GMT",0,-1,288,"[28.0, 27.0, 27.0, 25.0, 20.0]",28.0,-1.0,-1,509,0,100.0,100.0,1,0,0,19.99,1
185687562253,amazon,kindle fire 5,7.0,8,3.35,"13 Dec, 2022 17:40:56 GMT",0,-1,145,"[16.7, 15.7, 13.0, 10.0, 6.0, 5.0]",16.7,1.0,-1,60,0,100.0,100.0,1,0,0,0.99,1
125579693374,amazon,kindle fire 9,7.0,16,4.45,"01 Nov, 2022 19:20:53 GMT",0,-1,99,"[32.55, 31.55]",32.55,-1.0,-1,256,0,94.4,95.0,1,0,1,25.0,1
125578976773,amazon,kindle fire 7,7.0,8,0,"01 Nov, 2022 09:45:40 GMT",0,-1,155,"[30.0, 30.0, 25.0, 23.0, 21.0, 20.0, 20.0]",30.0,1.0,1024x600,253,0,100.0,100.0,1,0,0,18.0,1
115608201109,amazon,kindle fire 5,7.0,8,2.70,"25 Nov, 2022 12:04:18 GMT",0,-1,513,"[11.5, 11.0, 10.0, 8.0, 5.0]",11.5,8.0,1024x600,410,0,100.0,100.0,1,0,0,0.99,1
195458674679,amazon,kindle fire 10,8.0,64,4.95,"14 Nov, 2022 22:59:56 GMT",0,-1,982,"[41.0, 40.0, 35.0, 17.0, 15.0, 14.0, 11.0, 11.0, 10.0]",41.0,-1.0,-1,1400,0,100.0,100.0,1,0,0,9.99,1
325417835473,amazon,kindle fire 5,7.0,8,3.55,"16 Nov, 2022 18:55:17 GMT",0,-1,386,[10.0],10.0,1.0,-1,250,0,100.0,100.0,1,0,0,10.0,1
385185480147,amazon,kindle fire 5,7.0,8,3.50,"28 Oct, 2022 21:27:33 BST",1,30,-1,"[17.0, 16.0, 15.0, 13.0, 11.0]",17.0,-1.0,-1,1400000,0,99.2,98.0,1,0,0,9.99,1
325389660875,amazon,kindle fire 7,7.0,8,2.94,"24 Oct, 2022 19:14:06 BST",0,-1,672,"[18.26, 17.26, 17.06, 15.0]",18.26,1.0,1024x600,1200,0,97.3,97.0,1,0,0,14.0,1
364070356223,amazon,kindle fire hd 12,8.0,32,5.30,"12 Dec, 2022 21:00:01 GMT",0,-1,562,"[41.0, 40.0, 22.0, 6.0, 3.0]",41.0,2.0,-1,644,0,100.0,95.0,1,0,0,0.01,1
265924305237,amazon,kindle fire 5,7.0,8,4.45,"14 Oct, 2022 21:14:19 BST",0,-1,183,"[13.5, 13.0, 12.0, 10.0, 6.0]",13.5,-1.0,-1,193,0,100.0,98.0,1,0,1,3.99,1
115586966039,amazon,kindle fire 5,7.0,8,5.99,"07 Nov, 2022 13:35:26 GMT",0,-1,483,"[21.0, 20.0, 10.0]",21.0,1.0,-1,198,0,92.9,93.0,1,0,1,8.0,1
134288304780,amazon,kindle fire 7,7.0,8,4.45,"26 Oct, 2022 12:07:43 BST",0,-1,433,"[22.0, 21.0, 15.0, 5.0]",22.0,-1.0,-1,38,0,100.0,100.0,1,0,1,0.99,1
234816400348,amazon,kindle fire hd 7,8.0,16,3.35,"16 Dec, 2022 15:25:03 GMT",0,-1,54,[],40.0,-1.0,-1,81,0,100.0,100.0,1,0,0,40.0,0
325415648082,amazon,kindle fire 5,7.0,8,7.99,"13 Nov, 2022 01:05:39 GMT",1,14,-1,[9.99],9.99,-1.0,-1,35000,0,99.4,99.0,1,0,1,9.99,1
334601863197,amazon,kindle fire 5,7.0,8,5.99,"30 Oct, 2022 19:18:01 GMT",0,-1,1516,"[19.75, 18.75, 16.0, 15.0]",19.75,8.0,1024x600,2300,0,100.0,100.0,1,0,0,9.99,1
364035954976,amazon,kindle fire 9,7.0,16,0,"06 Nov, 2022 21:00:00 GMT",1,30,-1,"[29.0, 28.0, 25.0, 21.0, 20.0, 15.0, 5.0]",29.0,-1.0,-1,794000,0,99.5,99.0,1,0,2,4.99,1
225179744243,amazon,kindle fire 5,7.0,8,2.15,"09 Oct, 2022 17:15:01 BST",0,-1,134,"[18.0, 17.0, 10.15]",18.0,-1.0,-1,57,0,100.0,100.0,1,0,0,5.0,1
134287121887,amazon,kindle fire 7,7.0,8,4.45,"21 Oct, 2022 18:57:31 BST",0,-1,50,"[13.5, 13.0]",13.5,-1.0,-1,49,0,100.0,100.0,1,0,0,9.99,1
195470420494,amazon,kindle fire 5,7.0,8,3.65,"20 Nov, 2022 19:37:54 GMT",1,30,-1,[9.99],9.99,1.0,-1,7900,0,100.0,100.0,1,0,0,9.99,1
115631113997,amazon,kindle fire hd 7,8.0,16,5.35,"10 Dec, 2022 14:04:43 GMT",0,-1,288,[],19.99,-1.0,-1,509,0,100.0,100.0,1,0,0,19.99,0
165781490334,amazon,kindle fire hd 10,8.0,32,2.70,"26 Nov, 2022 10:36:31 GMT",0,-1,598,"[37.0, 36.0, 23.0, 11.0]",37.0,2.0,1280x800,153,0,99.0,99.0,1,0,0,10.0,1
314244730698,amazon,kindle fire 5,7.0,8,9.99,"25 Nov, 2022 09:28:31 GMT",1,14,-1,[4.99],4.99,-1.0,-1,136000,0,97.7,97.0,1,0,0,4.99,1
314250222640,amazon,kindle fire 5,7.0,8,3.59,"05 Dec, 2022 21:50:33 GMT",0,-1,201,[15.0],15.0,8.0,1024x600,303,0,100.0,99.0,1,0,0,15.0,1
325435089654,amazon,kindle fire 7,8.0,32,3.00,"29 Nov, 2022 22:10:36 GMT",0,-1,549,[14.99],14.99,-1.0,-1,1300,0,99.2,99.0,1,0,0,14.99,1
175519176854,amazon,kindle fire 7,7.0,8,4.45,"11 Dec, 2022 20:52:45 GMT",1,30,-1,[],24.99,-1.0,-1,7600,0,99.3,99.0,1,0,0,24.99,0
175519177509,amazon,kindle fire 7,7.0,8,4.45,"11 Dec, 2022 20:53:27 GMT",1,30,-1,[],24.99,-1.0,-1,7600,0,99.3,99.0,1,0,0,24.99,0
314241210528,amazon,kindle fire 5,7.0,8,3.59,"28 Nov, 2022 21:50:09 GMT",0,-1,201,[],15.0,8.0,1024x600,303,0,100.0,99.0,1,0,0,15.0,0
314231143951,amazon,kindle fire 5,7.0,8,3.59,"21 Nov, 2022 21:49:47 GMT",0,-1,201,[],15.0,8.0,1024x600,303,0,100.0,99.0,1,0,0,15.0,0
354383863139,huawei,media pad t3,8.0,16,4.76,"16 Nov, 2022 14:26:41 GMT",0,-1,1,[15.7],15.7,-1.0,-1,2,0,100.0,100.0,1,0,0,15.7,1
165744131077,huawei,media pad t3,8.0,16,0,"08 Nov, 2022 20:11:01 GMT",1,30,-1,"[30.5, 30.02, 27.0, 26.0, 17.0, 15.0, 12.55]",30.5,-1.0,-1,45000,1,99.9,100.0,1,0,0,0.99,1
165724638488,huawei,media pad t3,8.0,16,0,"03 Nov, 2022 19:02:00 GMT",1,30,-1,"[25.0, 24.0, 18.87, 15.0, 15.0, 12.99, 10.0, 7.0]",25.0,-1.0,-1,45000,1,99.9,100.0,1,0,0,0.99,1
165724640816,huawei,media pad t3,8.0,16,0,"20 Oct, 2022 20:05:01 BST",1,30,-1,"[30.99, 29.99, 20.79, 20.0, 15.0, 5.0]",30.99,-1.0,-1,45000,1,99.9,100.0,1,0,0,0.99,1
165726257475,huawei,media pad t5,10.0,32,0,"31 Oct, 2022 19:13:01 GMT",1,30,-1,"[56.0, 55.0, 50.0, 45.99, 41.0, 36.0, 30.0, 22.0, 20.0, 10.0, 0.99]",56.0,-1.0,-1,45000,1,99.9,100.0,1,0,0,0.99,1
165724646737,samsung,galaxy tab active sm-t365,8.0,16,0,"27 Oct, 2022 20:08:01 BST",1,30,-1,"[32.0, 31.0, 23.0, 20.01, 3.0]",32.0,-1.0,-1,45000,1,99.9,100.0,1,0,0,0.99,1
165724650001,tesco,hudl 2,8.0,8,0,"03 Nov, 2022 19:09:00 GMT",1,30,-1,"[24.0, 24.0, 22.0, 20.0, 13.0, 13.0, 11.0, 10.0, 6.0, 3.2]",24.0,-1.0,-1,45000,1,99.9,100.0,1,0,0,0.99,1
165724656097,tesco,hudl 2,8.0,8,0,"27 Oct, 2022 20:19:01 BST",1,30,-1,"[20.0, 19.0, 17.17, 13.0, 12.0, 10.0, 5.0]",20.0,-1.0,-1,45000,1,99.9,100.0,1,0,0,0.99,1
165724651517,tesco,hudl 2,8.0,8,0,"27 Oct, 2022 20:13:01 BST",1,30,-1,"[45.0, 44.0, 12.0, 4.05, 3.0, 2.45, 2.0, 0.99]",45.0,-1.0,-1,45000,1,99.9,100.0,1,0,0,0.99,1
325410122140,tesco,hudl 2,8.3,16,3.59,"10 Nov, 2022 17:08:35 GMT",0,-1,639,"[13.63, 13.13, 9.91]",13.63,-1.0,-1,117,0,100.0,100.0,1,0,0,0.99,1
385288737992,amazon,kindle fire 5,10.0,16,6.92,"16 Dec, 2022 20:43:16 GMT",0,-1,640,"[30.0, 29.0, 25.0, 20.0, 4.0]",30.0,-1.0,-1,900,0,100.0,99.0,1,0,2,0.9,1
354377348801,amazon,kindle fire hd 5,10.0,16,6.92,"12 Nov, 2022 21:15:21 GMT",0,-1,12,"[36.53, 35.53, 31.0, 30.0, 18.08]",36.53,-1.0,1920x1200,23,0,80.0,80.0,1,0,2,0.99,1
234791770867,amazon,kindle fire hd 8,8.0,16,2.75,"30 Nov, 2022 09:20:51 GMT",0,-1,89,"[15.0, 15.0, 14.0, 10.0]",15.0,-1.0,1280x800,59,0,87.5,88.0,1,0,0,5.0,1
185680877230,amazon,kindle fire hd 8,8.0,16,3.35,"08 Dec, 2022 19:08:03 GMT",0,-1,430,"[21.0, 20.0]",21.0,-1.0,1280x800,185,0,100.0,100.0,1,0,0,16.2,1
295373850755,amazon,kindle fire hd 8,8.0,16,4.45,"05 Dec, 2022 20:00:01 GMT",1,30,-1,"[24.0, 23.0, 20.0]",24.0,-1.0,1280x800,32000,0,99.9,100.0,1,0,0,19.99,1
265922557351,amazon,kindle fire hd 8,8.0,16,4.45,"13 Oct, 2022 22:37:04 BST",1,30,1540,"[27.0, 26.51, 19.0]",27.0,-1.0,1280x800,1500,0,100.0,100.0,1,0,1,18.3,1
204128797837,amazon,kindle fire hdx 3,7.0,32,3.35,"29 Oct, 2022 12:35:53 BST",0,-1,603,"[2.1, 1.9, 1.5]",2.1,1.0,1200x1920,507,0,100.0,100.0,1,1,0,0.99,1
304728078374,amazon,kindle fire hd 3,7.0,16,3.75,"10 Dec, 2022 11:53:54 GMT",0,-1,966,"[7.62, 7.12, 6.7, 6.12, 3.0, 1.0]",7.62,-1.0,-1,883,0,100.0,98.0,1,0,0,0.99,1
285038299581,amazon,kindle fire hdx,7.0,16,2.76,"19 Nov, 2022 09:00:55 GMT",0,-1,490,[15.0],15.0,-1.0,-1,369,0,100.0,100.0,1,0,0,15.0,1
225190340698,amazon,kindle fire hdx 3 + 9,7.0,32,4.45,"11 Oct, 2022 11:44:16 BST",0,-1,833,"[8.06, 7.78, 5.0, 5.0, 4.0]",8.06,-1.0,-1,25,0,100.0,100.0,1,0,1,0.49,1
144850552422,amazon,kindle fire 7 + 2,7.0,8,4.45,"16 Dec, 2022 12:21:14 GMT",0,-1,133,"[10.0, 9.78, 8.0, 0.5]",10.0,-1.0,-1,112,0,100.0,100.0,1,0,0,0.49,1
295366942860,amazon,kindle fire 7,7.0,8,6.92,"02 Dec, 2022 21:42:31 GMT",0,-1,2843,"[10.0, 10.0, 6.09, 5.01]",10.0,-1.0,-1,227,0,100.0,100.0,1,0,2,0.99,1
115581757183,amazon,kindle fire kids 7,7.0,16,5.99,"03 Nov, 2022 10:23:54 GMT",0,-1,539,"[26.0, 25.0, 24.0, 22.0, 21.0, 20.0, 19.0, 11.0]",26.0,0.5,1024x600,19,0,100.0,100.0,1,0,1,10.0,1
125609796866,amazon,kindle fire kids 7,7.0,8,3.93,"19 Nov, 2022 15:07:15 GMT",0,-1,133,"[26.0, 25.0, 23.0, 21.0, 14.0, 12.0, 11.0, 10.0, 5.5]",26.0,-1.0,-1,23,0,100.0,100.0,1,0,2,5.0,1
285064052033,amazon,kindle fire hd 3,7.0,16,3.35,"12 Dec, 2022 09:06:06 GMT",0,-1,1351,"[10.5, 10.0, 8.0]",10.5,-1.0,-1,510,0,100.0,100.0,1,0,0,5.0,1
275575831397,amazon,kindle fire hd 2,7.0,16,3.50,"16 Dec, 2022 20:21:42 GMT",0,-1,341,"[20.0, 19.0]",20.0,1.0,1280x800,253,0,100.0,100.0,1,0,0,10.0,1
325441208950,amazon,kindle fire hd 2,7.0,16,3.35,"02 Dec, 2022 18:37:10 GMT",0,-1,782,"[14.5, 14.0]",14.5,-1.0,1280x800,702,0,100.0,100.0,1,0,0,12.99,1
285063203694,amazon,kindle fire 9,7.0,16,4.45,"11 Dec, 2022 15:26:34 GMT",0,-1,1393,"[29.0, 28.0, 28.0, 20.0]",29.0,-1.0,1024x600,197,0,100.0,100.0,1,0,0,20.0,1
275569157181,amazon,kindle fire 7,7.0,16,4.50,"13 Dec, 2022 11:13:16 GMT",0,-1,1269,[],10.0,-1.0,-1,995,0,100.0,100.0,1,0,0,10.0,0
295261040832,amazon,kindle fire hdx 3,7.0,16,3.35,"14 Oct, 2022 14:52:20 BST",0,-1,2569,"[10.5, 10.0, 5.0]",10.5,2.0,1920x1200,2800,0,98.2,98.0,1,0,0,5.0,1
225285890258,amazon,kindle fire hd 7,7.0,16,3.25,"14 Dec, 2022 10:38:40 GMT",0,-1,1811,"[9.29, 8.79, 2.75, 0.99]",9.29,-1.0,-1,944,0,100.0,100.0,1,0,0,0.99,1
155233985240,amazon,kindle fire hd 9,7.0,32,6.92,"08 Nov, 2022 09:19:34 GMT",0,-1,1832,"[14.5, 14.0]",14.5,-1.0,-1,173,0,100.0,100.0,1,0,2,12.99,1
165816322808,amazon,kindle fire hd 10,8.0,32,0,"06 Dec, 2022 21:08:01 GMT",0,-1,1282,[50.0],50.0,-1.0,1280x800,1500,0,100.0,97.0,0,0,2,50.0,1
295294580802,amazon,kindle fire hd 10,8.0,32,0,"30 Oct, 2022 19:52:30 GMT",0,-1,140,[65.0],65.0,-1.0,-1,77,0,100.0,100.0,0,0,2,65.0,1
304723145452,amazon,kindle fire hd 10,8.0,32,7.00,"06 Dec, 2022 12:16:54 GMT",0,-1,133,"[32.0, 31.0, 21.0]",32.0,-1.0,1280x800,257,0,100.0,100.0,1,0,0,20.0,1
385276277879,amazon,kindle fire hd 10,8.0,32,0,"08 Dec, 2022 21:48:44 GMT",0,-1,8,[49.0],49.0,-1.0,1280x800,23,0,100.0,100.0,0,0,2,49.0,1
234732124336,amazon,kindle fire hd 10,8.0,32,7.00,"23 Oct, 2022 21:10:01 BST",0,-1,342,"[30.0, 29.0, 28.0, 23.0, 22.22]",30.0,2.0,1280x800,231,0,100.0,100.0,1,0,1,15.0,1
255837360947,amazon,kindle fire hd 10,8.0,32,6.92,"27 Nov, 2022 12:59:31 GMT",0,-1,455,"[43.0, 42.0]",43.0,2.0,1280x800,13,0,100.0,100.0,0,0,2,35.0,1
255870739658,amazon,kindle fire hd kids 10,8.0,32,6.85,"14 Dec, 2022 20:12:39 GMT",0,-1,214,"[43.0, 42.0, 40.0, 35.0]",43.0,2.0,-1,91,0,100.0,100.0,1,0,2,21.7,1
275568364285,amazon,kindle fire hd 12,8.0,32,4.99,"08 Dec, 2022 18:58:45 GMT",0,-1,3422,"[51.0, 50.0, 30.0, 16.0]",51.0,2.0,-1,3300,0,100.0,99.0,0,0,2,9.99,1
403977888528,amazon,kindle fire hd 11,10.0,32,2.76,"12 Nov, 2022 10:08:03 GMT",0,-1,28,"[102.0, 100.0, 90.0, 82.24]",102.0,-1.0,1920x1200,55,0,100.0,100.0,1,0,0,80.0,1
204177387529,amazon,kindle fire hd 10,8.0,32,7.99,"16 Dec, 2022 19:50:00 GMT",1,14,-1,[9.99],9.99,-1.0,-1,35000,0,99.4,99.0,1,0,1,9.99,1
385278206818,amazon,kindle fire hd 10,8.0,32,7.99,"16 Dec, 2022 19:25:00 GMT",1,14,-1,[],9.99,-1.0,-1,35000,0,99.4,99.0,1,0,1,9.99,0
225269269350,amazon,kindle fire hd 10,8.0,32,4.99,"01 Dec, 2022 09:00:31 GMT",0,-1,659,"[56.0, 55.0, 55.0, 47.0, 47.0, 45.0, 25.01]",56.0,2.0,1280x800,219,0,100.0,100.0,1,0,0,20.0,1
364008204999,amazon,kindle fire hd 10,8.0,32,4.95,"10 Oct, 2022 19:40:00 BST",1,30,-1,"[21.5, 20.5, 20.01, 17.0, 15.8, 6.0]",21.5,-1.0,-1,794000,0,99.5,99.0,1,0,0,4.99,1
115628618714,amazon,kindle fire hd 12,8.0,32,6.92,"12 Dec, 2022 16:42:29 GMT",0,-1,361,"[44.0, 43.0, 43.0, 40.0, 33.0, 31.0]",44.0,2.0,1280x800,26,0,100.0,100.0,0,0,2,30.0,1
385276341880,amazon,kindle fire hd 12,8.0,32,0,"10 Dec, 2022 22:33:13 GMT",0,-1,8,[],52.0,2.0,1280x800,23,0,100.0,100.0,0,0,2,52.0,0
255862070508,amazon,kindle fire hd 10,8.0,32,4.45,"11 Dec, 2022 20:55:01 GMT",0,-1,841,"[48.0, 47.0, 27.0, 23.0, 21.0, 16.93, 0.99]",48.0,-1.0,1280x800,474,0,100.0,100.0,1,0,1,0.99,1
125645524459,amazon,kindle fire kids 10,8.0,32,6.50,"10 Dec, 2022 13:13:19 GMT",0,-1,297,"[51.0, 49.0, 50.0, 46.0, 42.0, 37.0, 25.0, 20.0, 17.0, 7.0, 2.0, 1.0]",51.0,-1.0,-1,162,0,100.0,100.0,1,0,0,0.99,1
125647095092,amazon,kindle fire kids 10,8.0,32,5.00,"11 Dec, 2022 15:52:33 GMT",0,-1,1031,[56.0],56.0,2.0,-1,250,0,100.0,100.0,1,0,0,0.99,1
295418922053,amazon,kindle fire hd 12,8.0,32,5.55,"16 Dec, 2022 12:44:26 GMT",0,-1,163,[40.0],40.0,2.0,1280x800,60,0,100.0,100.0,0,0,1,40.0,1
125647092254,amazon,kindle fire hd kids 10,8.0,32,5.00,"11 Dec, 2022 15:49:27 GMT",0,-1,1031,[62.0],62.0,2.0,-1,250,0,100.0,100.0,1,0,0,0.99,1
385207739734,amazon,kindle fire hd 10,8.0,32,7.99,"09 Nov, 2022 11:34:48 GMT",1,14,-1,"[28.5, 27.5, 26.0, 20.0, 10.0, 9.0]",28.5,-1.0,-1,35000,0,99.4,99.0,1,0,1,4.99,1
285025721406,amazon,kindle fire hd 10,8.0,32,6.92,"10 Nov, 2022 18:39:56 GMT",1,14,350,"[54.08, 53.08]",54.08,2.0,1280x800,105,0,100.0,100.0,0,0,2,40.0,1
325385691832,amazon,kindle fire hd 10,8.0,32,7.99,"07 Nov, 2022 20:25:00 GMT",1,14,-1,"[16.0, 15.0]",16.0,-1.0,-1,35000,0,99.4,99.0,1,0,1,9.99,1
325385500719,amazon,kindle fire hd 10,8.0,32,7.99,"02 Nov, 2022 19:25:00 GMT",1,14,-1,"[23.0, 22.0, 15.55, 12.75]",23.0,-1.0,-1,35000,0,99.4,99.0,1,0,1,9.99,1
385181088797,amazon,kindle fire hd 10,8.0,32,2.76,"20 Oct, 2022 00:12:08 BST",0,-1,425,"[31.0, 30.0]",31.0,2.0,-1,425,0,100.0,100.0,1,0,0,25.0,1
175476091725,amazon,kindle fire hd 10,8.0,32,6.92,"10 Nov, 2022 20:52:40 GMT",0,-1,1080,"[41.0, 40.0, 35.0, 34.0]",41.0,2.0,-1,354,0,100.0,100.0,1,0,2,30.0,1
325384506638,amazon,kindle fire hd 10,8.0,32,7.99,"29 Oct, 2022 20:05:00 BST",1,14,-1,[9.99],9.99,-1.0,-1,35000,0,99.4,99.0,1,0,1,9.99,1
314260408103,amazon,kindle fire hd 12,8.0,32,2.75,"08 Dec, 2022 21:19:08 GMT",0,-1,5292,"[53.1, 52.25, 50.0, 43.0]",53.1,2.0,1280x800,2300,0,100.0,100.0,0,0,0,43.0,1
275526775869,amazon,kindle fire hd 10,8.0,32,3.75,"11 Nov, 2022 09:55:06 GMT",0,-1,422,"[39.5, 38.5, 35.0, 32.0, 28.0, 4.0]",39.5,2.0,1280x800,146,0,100.0,100.0,1,0,0,0.99,1
385272089175,amazon,kindle fire hd 10,8.0,32,4.45,"10 Dec, 2022 16:46:17 GMT",0,-1,50,"[51.0, 50.0, 40.01, 34.0]",51.0,2.0,-1,25,0,100.0,100.0,0,0,1,30.0,1
325387530430,amazon,kindle fire hd 10,8.0,32,7.99,"25 Oct, 2022 19:30:00 BST",1,14,-1,"[11.5, 11.0]",11.5,-1.0,-1,35000,0,99.4,99.0,1,0,1,4.99,1
204144279733,amazon,kindle fire hd kids 10,8.0,32,7.99,"18 Nov, 2022 13:25:00 GMT",1,14,-1,"[26.0, 25.0, 14.0, 10.0]",26.0,-1.0,-1,35000,0,99.4,99.0,1,0,1,9.99,1
364060491773,amazon,kindle fire hd 12,8.0,32,4.99,"02 Dec, 2022 22:33:13 GMT",0,-1,6,[],46.99,2.0,-1,12,0,100.0,100.0,0,0,0,46.99,0
284988094856,amazon,kindle fire hd kids 7,8.0,32,4.45,"09 Oct, 2022 21:25:55 BST",0,-1,96,"[43.0, 40.0, 35.0]",43.0,-1.0,1280x800,125,0,100.0,100.0,1,0,1,34.0,1
374346195554,amazon,kindle fire hd kids 10,8.0,32,3.50,"16 Nov, 2022 21:01:26 GMT",1,30,-1,"[53.0, 52.0, 50.0, 26.0, 25.0, 24.0, 22.0]",53.0,2.0,1280x800,1400000,0,99.2,98.0,1,0,0,19.99,1
204162276546,amazon,kindle fire hd 10,8.0,32,0,"30 Nov, 2022 19:52:47 GMT",0,-1,1420,"[35.0, 34.8, 29.0, 28.0, 28.0, 26.0, 25.0, 24.0, 23.0, 20.0, 17.0, 15.0, 14.0, 10.0, 10.0, 8.0]",35.0,-1.0,1280x800,770,0,100.0,100.0,1,0,0,0.99,1
385170694070,amazon,kindle fire hd 10,8.0,32,7.99,"19 Oct, 2022 19:45:00 BST",1,14,-1,"[32.0, 31.0, 25.0, 23.0]",32.0,2.0,1280x800,35000,0,99.4,99.0,1,0,1,19.99,1
175506168815,amazon,kindle fire hd 10,8.0,32,2.65,"03 Dec, 2022 14:45:55 GMT",0,-1,91,"[37.0, 36.0, 34.0, 33.0, 31.09, 24.0, 14.0, 10.0]",37.0,-1.0,-1,50,0,100.0,100.0,1,0,1,5.0,1
403930874476,amazon,kindle fire hd 10,8.0,32,0,"16 Oct, 2022 19:53:41 BST",0,-1,389,"[16.01, 15.01, 12.89, 10.0, 3.5, 3.0]",16.01,2.0,-1,463,0,100.0,100.0,1,1,0,0.99,1
165724777526,alcatel,pixi 3 model 8055,7.0,8,3.20,"30 Oct, 2022 19:11:01 GMT",1,30,-1,"[13.5, 13.0, 11.0, 10.0, 6.0, 4.0, 2.0]",13.5,-1.0,-1,45000,1,99.9,100.0,1,0,0,0.99,1
285058369457,amazon,kindle fire hd 5,8.0,12,3.58,"11 Dec, 2022 21:30:01 GMT",0,-1,57,"[16.0, 15.0, 14.0, 11.88, 8.0]",16.0,-1.0,1280x800,10,0,100.0,100.0,1,0,0,5.0,1
334645287446,amazon,kindle fire hd 12,8.0,32,4.99,"05 Dec, 2022 14:48:50 GMT",0,-1,301,"[46.0, 45.0, 7.0, 6.0]",46.0,-1.0,1280x800,604,0,98.7,98.0,0,0,0,3.0,1
334632759332,amazon,kindle fire hd 12,8.0,32,3.99,"25 Nov, 2022 12:20:22 GMT",0,-1,301,"[34.0, 33.0, 32.0, 26.01, 17.0, 12.0, 11.0, 10.0, 7.0, 6.0, 5.0]",34.0,-1.0,1280x800,604,0,98.7,98.0,0,0,0,3.0,1
165814057535,amazon,kindle fire hd 12,8.0,32,0,"05 Dec, 2022 16:57:21 GMT",0,-1,1282,[],65.0,2.0,1280x800,1500,0,100.0,97.0,0,0,2,65.0,0
364067603234,amazon,kindle fire hd 12,8.0,32,4.99,"09 Dec, 2022 22:34:03 GMT",0,-1,6,[],46.99,2.0,-1,12,0,100.0,100.0,0,0,0,46.99,0
185632183403,samsung,galaxy tab sm-t365,8.0,16,5.00,"01 Nov, 2022 18:32:03 GMT",0,-1,83,"[36.0, 35.0, 31.5, 25.0]",36.0,-1.0,-1,62,0,100.0,100.0,1,0,0,25.0,1
125655719168,samsung,galaxy tab sm-t365,8.0,16,6.92,"16 Dec, 2022 16:40:17 GMT",0,-1,-1,[],40.0,1.5,1280x800,346,0,100.0,100.0,1,0,2,40.0,0
185646953351,samsung,galaxy tab sm-t365,8.0,16,6.92,"13 Nov, 2022 07:54:39 GMT",0,-1,487,"[35.0, 34.01, 30.0, 27.1, 26.0]",35.0,-1.0,1280x800,154,0,100.0,100.0,1,0,2,22.6,1
125624979743,samsung,galaxy tab sm-t365,8.0,16,7.99,"23 Nov, 2022 14:17:03 GMT",1,30,-1,[7.49],7.49,1.5,1280x800,136000,0,97.7,97.0,1,0,0,7.49,1
314228338137,samsung,galaxy tab sm-t365,8.0,16,7.99,"14 Nov, 2022 08:31:00 GMT",1,30,-1,"[8.5, 8.0]",8.5,1.5,1280x800,136000,0,97.7,97.0,1,0,0,7.49,1
385173396586,amazon,kindle basic 7,6.0,4,7.99,"29 Oct, 2022 19:15:00 BST",1,14,-1,"[21.0, 20.0, 20.0, 12.5, 10.0]",21.0,-1.0,-1,35000,0,99.4,99.0,1,0,1,9.99,1
204144956970,amazon,kindle basic 7,6.0,4,7.99,"12 Nov, 2022 08:27:24 GMT",1,14,-1,[9.99],9.99,-1.0,-1,35000,0,99.4,99.0,1,0,1,9.99,1
325414161652,amazon,kindle basic 7,6.0,4,7.99,"24 Nov, 2022 20:30:00 GMT",1,14,-1,"[18.0, 17.55]",18.0,-1.0,-1,35000,0,99.4,99.0,1,0,1,9.99,1
385175009155,amazon,kindle basic 7,6.0,4,7.99,"05 Nov, 2022 20:15:00 GMT",1,14,-1,"[31.0, 30.0, 19.0, 15.37]",31.0,-1.0,-1,35000,0,99.4,99.0,1,0,1,9.99,1
314225405095,amazon,kindle fire 7,6.0,4,3.35,"20 Nov, 2022 19:12:38 GMT",1,30,10510,"[23.22, 22.22, 22.0, 20.22, 20.0]",23.22,1.0,600x800,17000,0,99.8,100.0,1,0,0,14.99,1
325415647976,amazon,kindle basic 7,6.0,4,7.99,"13 Nov, 2022 01:05:30 GMT",1,14,-1,[9.99],9.99,-1.0,-1,35000,0,99.4,99.0,1,0,1,9.99,1
165706631420,apple,ipad air 2,9.7,64,0,"19 Oct, 2022 20:01:00 BST",1,30,-1,"[148.0, 146.0, 132.0, 130.0, 120.0, 102.0, 90.0, 41.08, 30.0, 1.0]",148.0,-1.0,-1,45000,1,99.9,100.0,0,0,0,0.99,1
285071205825,apple,ipad air 2,9.7,64,9.20,"11 Dec, 2022 18:51:17 GMT",0,-1,37,"[102.0, 100.0, 97.0, 68.0, 60.0]",102.0,1.0,2048x1536,60,0,100.0,100.0,1,0,2,50.0,1
165706642537,apple,ipad 1,9.7,16,0,"12 Oct, 2022 20:10:01 BST",1,30,-1,"[82.0, 80.0, 56.0, 55.0, 44.0, 30.0, 10.0, 2.0, 1.0]",82.0,-1.0,-1,45000,1,99.9,100.0,0,0,0,0.99,1
155291709983,apple,ipad 1,9.7,16,4.33,"11 Dec, 2022 21:48:40 GMT",0,-1,131,[],7.99,-1.0,-1,278,0,98.6,96.0,1,0,0,7.99,0
234797656243,apple,ipad mini 1,7.9,16,3.50,"07 Dec, 2022 13:20:07 GMT",0,-1,87,"[56.0, 55.0, 41.51, 26.0, 26.0]",56.0,-1.0,1024x768,142,0,100.0,100.0,1,0,0,25.0,1
155279168006,apple,ipad 1,9.7,16,4.33,"04 Dec, 2022 21:00:01 GMT",0,-1,131,[],7.99,-1.0,-1,278,0,98.6,96.0,1,0,0,7.99,0
275511988113,samsung,galaxy tab a t595,10.5,32,11.15,"30 Oct, 2022 18:42:32 GMT",1,30,3921,"[74.59, 72.59, 71.0, 60.0, 41.0, 40.0]",74.59,3.0,-1,5200,0,100.0,99.0,1,0,2,39.99,1
255799488351,samsung,galaxy tab a t590,10.5,32,4.99,"04 Nov, 2022 20:26:30 GMT",0,-1,452,"[68.0, 66.0, 64.0, 60.0, 50.0, 13.0, 10.0]",68.0,2.0,1920x1200,392,0,100.0,100.0,1,0,0,9.99,1
255811008241,samsung,galaxy tab a t590,10.5,32,4.99,"11 Nov, 2022 21:41:23 GMT",0,-1,452,"[82.0, 80.0, 73.0, 71.0, 60.0, 56.0, 50.0, 20.0, 19.0]",82.0,2.0,1920x1200,392,0,100.0,100.0,1,0,0,9.99,1
155255152133,samsung,galaxy tab a t590,10.5,32,3.59,"20 Nov, 2022 14:40:25 GMT",0,-1,319,"[87.0, 85.0, 70.0, 62.0, 59.0, 53.0]",87.0,2.0,1920x1200,420,0,100.0,100.0,1,0,0,43.0,1
195448127237,samsung,galaxy tab a t590,10.5,32,0,"09 Nov, 2022 09:20:57 GMT",0,-1,740,"[29.0, 28.0, 26.0]",29.0,2.0,1920x1200,541,0,100.0,100.0,1,0,0,25.0,1
354414261403,samsung,galaxy tab a,10.5,32,6.92,"03 Dec, 2022 14:08:58 GMT",0,-1,723,"[71.0, 69.55, 63.08, 60.0, 51.0, 49.0, 46.89, 46.0, 43.08, 40.08, 40.0, 35.35, 34.0, 32.0, 31.0]",71.0,2.0,1900x1200,41,0,100.0,100.0,1,0,2,30.0,1
144791320537,samsung,galaxy tab a t595,10.5,32,4.45,"08 Nov, 2022 10:55:20 GMT",0,-1,24,[95.0],95.0,3.0,1920x1200,38,0,95.2,95.0,0,0,1,95.0,1
314211659137,samsung,galaxy tab a t595,10.5,32,6.95,"07 Nov, 2022 22:55:54 GMT",0,-1,1,[120.0],120.0,3.0,1920x1200,1,0,100.0,100.0,0,0,2,120.0,1
234803535385,samsung,galaxy tab a8 t290,10.1,32,4.45,"08 Dec, 2022 21:21:43 GMT",0,-1,67,[],125.0,-1.0,1920x1200,182,0,98.6,99.0,1,0,0,125.0,0
225204200698,samsung,galaxy tab a,10.5,32,6.45,"20 Oct, 2022 21:00:01 BST",0,-1,2448,"[129.0, 127.0, 76.0, 52.0, 50.0, 50.0]",129.0,3.0,1900x1200,952,0,100.0,100.0,1,0,0,40.0,1
155241649670,samsung,galaxy tab a t590,10.5,32,3.59,"12 Nov, 2022 20:57:59 GMT",0,-1,319,"[102.0, 100.0, 88.0, 71.0, 55.0, 47.0, 45.0]",102.0,2.0,1920x1200,420,0,100.0,100.0,1,0,0,43.0,1
394359314998,samsung,galaxy tab a t590,10.5,32,4.45,"09 Dec, 2022 01:04:50 GMT",0,-1,669,[],150.0,-1.0,-1,1400,0,100.0,99.0,0,0,1,150.0,0
234814148736,samsung,galaxy tab a8 t290,10.5,32,4.45,"16 Dec, 2022 22:34:01 GMT",0,-1,67,[],125.0,-1.0,-1,182,0,98.6,99.0,1,0,0,125.0,0
144774129396,samsung,galaxy tab a t595,10.5,32,4.45,"26 Oct, 2022 20:22:59 BST",0,-1,24,[95.0],95.0,3.0,1920x1200,38,0,95.2,95.0,0,0,1,95.0,1
234782278479,samsung,galaxy tab a8 t290,10.1,32,3.35,"23 Nov, 2022 13:22:22 GMT",0,-1,67,[],125.0,-1.0,1920x1200,182,0,98.6,99.0,1,0,0,125.0,0
234792104559,samsung,galaxy tab a8 t290,10.5,32,3.35,"30 Nov, 2022 13:23:38 GMT",0,-1,67,[],125.0,-1.0,1920x1200,182,0,98.6,99.0,1,0,0,125.0,0
394370492936,samsung,galaxy tab a t590,10.5,32,4.45,"16 Dec, 2022 01:05:11 GMT",0,-1,669,[],150.0,-1.0,-1,1400,0,100.0,99.0,0,0,1,150.0,0
225299055024,samsung,galaxy tab s4 t837,10.5,64,8.99,"17 Dec, 2022 12:35:48 GMT",1,30,-1,[],69.99,4.0,2560x1600,5000,0,99.2,99.0,1,0,1,69.99,0
144846556025,samsung,galaxy tab s4,10.5,64,8.05,"11 Dec, 2022 23:44:30 GMT",0,-1,420,"[163.0, 160.0, 150.0, 123.89]",163.0,4.0,2560x1600,251,0,100.0,100.0,0,0,1,107.0,1
115580680838,samsung,galaxy tab s4,10.5,64,3.59,"05 Nov, 2022 18:00:01 GMT",0,-1,772,"[144.0, 142.0, 140.0, 134.0, 106.0, 96.0, 92.0, 90.0, 86.0, 85.0]",144.0,4.0,2560x1600,71,0,100.0,100.0,1,0,0,80.0,1
155256485766,samsung,galaxy tab s4 t835,10.5,64,5.99,"21 Nov, 2022 16:16:01 GMT",1,14,-1,"[43.11, 42.11, 36.0, 10.0, 9.5, 2.0]",43.11,4.0,1600x2560,2700,0,99.5,98.0,1,1,1,0.01,1
155234487230,samsung,galaxy tab s4 t835,10.5,64,5.99,"08 Nov, 2022 15:30:50 GMT",1,14,-1,"[9.0, 9.0, 6.9, 4.0]",9.0,4.0,1600x2560,2700,0,99.5,98.0,1,1,1,0.01,1
144838406499,samsung,galaxy tab s4,10.5,64,11.15,"10 Dec, 2022 18:00:01 GMT",0,-1,1457,"[155.0, 150.0, 141.0, 125.0]",155.0,4.0,2560x1600,242,0,97.9,98.0,1,0,2,63.0,1
225283189737,samsung,galaxy tab s4 t835,10.5,64,4.50,"12 Dec, 2022 21:24:32 GMT",1,14,-1,"[51.0, 50.0, 40.99, 35.0, 27.0, 17.0, 16.0, 15.0, 8.0, 8.0, 5.0, 1.9]",51.0,4.0,-1,7000,0,99.7,100.0,1,1,0,0.99,1
285003696587,samsung,galaxy tab s4 t835,10.5,64,2.95,"23 Oct, 2022 14:21:26 BST",0,-1,1868,"[139.0, 138.0, 95.0, 92.0, 90.0, 68.0, 59.0, 58.0]",139.0,-1.0,-1,485,0,100.0,99.0,1,0,0,55.0,1
225271069028,samsung,galaxy tab s5e,10.5,64,6.92,"04 Dec, 2022 15:06:44 GMT",0,-1,765,"[128.52, 126.52, 112.0, 110.0, 85.0]",128.52,4.0,2560x1600,54,0,100.0,100.0,1,0,2,85.0,1
234807074535,samsung,galaxy tab s5,10.5,64,6.00,"11 Dec, 2022 18:17:51 GMT",0,-1,189,[],150.0,4.0,2560x1600,78,0,100.0,100.0,1,0,1,150.0,0
204128895440,samsung,galaxy tab s4 t830,10.5,64,0,"29 Oct, 2022 15:03:45 BST",0,-1,251,"[155.0, 150.0, 142.0, 139.0, 110.0]",155.0,-1.0,-1,9,0,100.0,100.0,1,0,0,100.0,1
304724345031,samsung,galaxy tab s4,10.5,64,7.95,"03 Dec, 2022 09:38:33 GMT",0,-1,387,"[128.01, 126.01, 125.0, 121.0]",128.01,4.0,2560x1600,115,0,100.0,100.0,1,0,1,99.0,1
175526258837,samsung,galaxy tab s2 t810,9.7,32,2.75,"16 Dec, 2022 17:54:24 GMT",0,-1,180,"[48.0, 47.0, 43.0, 41.0, 37.0, 35.0, 31.0, 29.0]",48.0,3.0,2048x1536,132,0,0.0,0.0,1,0,0,28.8,1
155289900794,samsung,galaxy tab s2 t810,9.7,32,2.99,"04 Dec, 2022 22:00:15 GMT",1,14,2375,[67.0],67.0,3.0,-1,4600,0,98.3,98.0,1,0,0,0.99,1
204129889448,samsung,galaxy tab s2 t813,9.7,32,0,"26 Oct, 2022 17:42:28 BST",0,-1,952,"[68.0, 66.0, 58.0, 50.0, 37.0, 35.0]",68.0,3.0,-1,772,0,100.0,100.0,1,0,0,35.0,1
275503180921,samsung,galaxy tab s2 t810,9.7,32,4.45,"24 Oct, 2022 09:34:54 BST",0,-1,366,"[52.0, 51.0, 50.0]",52.0,3.0,-1,32,0,100.0,100.0,1,0,1,50.0,1
134295052799,samsung,galaxy tab s2 t815,9.7,32,3.30,"30 Oct, 2022 11:29:11 GMT",0,-1,833,"[47.9, 46.9, 40.0, 36.0, 35.0, 32.0, 29.99, 25.0]",47.9,3.0,-1,443,0,100.0,100.0,1,0,0,24.99,1
304728735932,samsung,galaxy tab s2 t813,9.7,32,3.99,"12 Dec, 2022 23:46:37 GMT",0,-1,52,"[46.0, 45.0, 44.0, 41.0, 35.0, 30.0]",46.0,-1.0,2048x1536,18,0,100.0,100.0,1,0,0,29.99,1
204129533775,samsung,galaxy tab s3 t820,9.7,32,4.98,"30 Oct, 2022 13:05:00 GMT",0,-1,1755,"[122.0, 120.0, 110.0, 102.0, 100.0, 89.0, 85.0, 66.0, 59.0, 56.0]",122.0,4.0,2048x1536,194,0,100.0,100.0,1,0,0,49.0,1
204141867229,samsung,galaxy tab s3 t820,9.7,32,5.32,"11 Nov, 2022 18:45:01 GMT",0,-1,1755,"[170.0, 165.0, 127.0, 101.0, 75.7, 69.0]",170.0,4.0,-1,194,0,100.0,100.0,1,0,2,55.0,1
165762234073,samsung,galaxy tab s3 t820,9.7,32,3.00,"12 Nov, 2022 15:39:29 GMT",0,-1,484,"[66.0, 64.0, 60.0, 59.0, 53.0, 51.0, 31.0]",66.0,4.0,-1,86,0,100.0,100.0,1,0,0,30.0,1
295252666920,samsung,galaxy tab s2 t813,9.7,32,4.45,"08 Oct, 2022 21:22:54 BST",0,-1,193,"[47.0, 45.89, 26.0, 25.0]",47.0,3.0,-1,94,0,77.8,78.0,1,0,0,25.0,1
165740821701,samsung,galaxy tab s2 t810,9.7,32,4.45,"31 Oct, 2022 16:17:14 GMT",0,-1,51,"[60.0, 59.0, 55.05, 50.0, 44.0, 42.66, 40.59, 30.0]",60.0,3.0,2048x1536,7,0,100.0,100.0,1,0,1,30.0,1
285045504821,samsung,galaxy tab s3 t820,9.7,32,7.50,"27 Nov, 2022 13:15:08 GMT",0,-1,776,[75.0],75.0,4.0,2048x1536,508,0,100.0,100.0,1,0,2,75.0,1
275518025691,samsung,galaxy tab s2 t813,9.7,32,3.49,"04 Nov, 2022 11:19:54 GMT",0,-1,543,"[65.0, 63.0, 45.0, 42.0, 40.0]",65.0,-1.0,2048x1536,387,0,100.0,100.0,1,0,0,39.0,1
204111023405,samsung,galaxy tab s2 t817,9.7,32,7.99,"10 Oct, 2022 07:14:54 BST",1,14,-1,"[62.0, 61.0, 52.0, 52.0, 40.0, 33.0, 25.0, 23.0]",62.0,-1.0,-1,35000,0,99.4,99.0,1,0,1,19.99,1
385176521384,samsung,galaxy tab s2 t815,9.7,32,4.99,"27 Oct, 2022 20:26:01 BST",0,-1,-1,[31.0],31.0,-1.0,-1,48000,0,100.0,100.0,1,1,1,0.99,1
225259905078,samsung,galaxy tab s2 t710,8.0,32,5.55,"26 Nov, 2022 13:33:05 GMT",0,-1,396,"[40.0, 39.0, 32.0, 31.0]",40.0,3.0,2048x1536,149,0,100.0,100.0,1,0,1,31.0,1
155212378131,samsung,galaxy tab s3 t820,9.7,32,5.46,"28 Oct, 2022 22:00:01 BST",0,-1,848,"[89.0, 87.0, 85.0, 80.0, 74.0, 70.0, 68.0]",89.0,4.0,-1,48,0,100.0,100.0,1,0,1,50.0,1
295252667989,samsung,galaxy tab s2 t813,9.7,32,4.45,"08 Oct, 2022 21:25:35 BST",0,-1,193,"[41.0, 40.0, 36.0, 35.0, 29.0, 28.0]",41.0,3.0,-1,94,0,77.8,78.0,1,0,0,27.6,1
304656489778,samsung,galaxy tab s2 t813,9.7,32,4.45,"16 Oct, 2022 21:52:24 BST",0,-1,772,"[65.0, 63.0, 61.0, 55.0, 46.0, 34.0, 31.0, 30.0, 22.0]",65.0,3.0,2048x1536,278,0,100.0,100.0,1,0,0,20.0,1
385178202311,samsung,galaxy tab s2 t810,9.7,32,4.99,"27 Oct, 2022 20:28:01 BST",1,14,-1,[27.0],27.0,-1.0,-1,48000,0,100.0,100.0,1,1,1,0.99,1
255832870957,samsung,galaxy tab s2 t813,9.7,32,5.99,"22 Nov, 2022 18:05:58 GMT",0,-1,529,[],99.99,3.0,2048x1536,279,0,100.0,99.0,1,0,1,99.99,0
354324257397,samsung,galaxy tab s2 t813,9.7,32,9.50,"17 Oct, 2022 10:42:04 BST",1,30,-1,"[10.5, 10.0, 9.0]",10.5,-1.0,-1,426000,0,100.0,99.0,1,1,2,6.99,1
225194912282,samsung,galaxy tab s2 t813,9.7,32,3.99,"23 Oct, 2022 20:00:01 BST",1,30,-1,"[50.5, 49.5, 49.0, 48.0, 47.0, 44.0, 37.01, 36.0, 30.0, 19.0, 12.0, 8.0]",50.5,3.0,-1,358000,0,99.8,99.0,1,0,0,6.99,1
165827254359,samsung,galaxy tab a6 t580,10.1,16,4.45,"18 Dec, 2022 11:54:19 GMT",0,-1,744,"[45.0, 44.0, 36.0, 35.0, 32.0, 31.0, 31.0]",45.0,-1.0,-1,100,0,100.0,100.0,1,0,0,30.0,1
385267857363,samsung,galaxy tab a t580,10.1,16,7.99,"13 Dec, 2022 18:30:00 GMT",1,14,-1,"[51.21, 50.21, 42.0]",51.21,-1.0,-1,35000,0,99.4,99.0,1,0,1,39.99,1
285070883071,samsung,galaxy tab a6 t580,10.1,16,14.05,"17 Dec, 2022 12:05:43 GMT",0,-1,1104,"[33.0, 32.0]",33.0,-1.0,-1,98,0,100.0,100.0,1,0,1,30.0,1
115636861960,samsung,galaxy tab a6 t585,10.1,16,4.45,"16 Dec, 2022 19:53:30 GMT",0,-1,1069,"[29.0, 28.0, 26.0, 24.0, 23.0]",29.0,2.0,1920x1200,592,0,100.0,100.0,1,0,0,1.0,1
195505109384,samsung,galaxy tab a6 t585,10.1,16,0,"12 Dec, 2022 20:41:01 GMT",0,-1,52,"[53.0, 52.0, 45.0, 43.0, 39.0, 37.0, 32.0, 30.0, 26.0, 21.0, 20.0]",53.0,2.0,1920x1200,102,0,100.0,100.0,1,0,1,15.0,1
115627712279,samsung,galaxy tab a6 t585,10.1,16,4.95,"11 Dec, 2022 21:01:18 GMT",0,-1,1799,"[67.0, 65.0, 57.0, 57.0, 55.0, 52.0, 33.0, 31.0, 28.0, 26.0]",67.0,2.0,1920x1200,1100,0,100.0,100.0,1,0,0,19.95,1
334639937446,samsung,galaxy tab a t580,10.1,16,6.92,"01 Dec, 2022 18:05:01 GMT",0,-1,505,"[56.57, 55.57, 54.0, 41.0, 36.0, 34.2, 32.0, 31.0, 30.0, 28.0, 27.0, 25.0, 22.0]",56.57,-1.0,1920x1200,299,0,100.0,100.0,1,0,2,19.99,1
255849853942,samsung,galaxy tab a6 t585,10.1,16,2.99,"04 Dec, 2022 19:16:23 GMT",0,-1,291,"[34.0, 33.0, 32.0, 27.0]",34.0,2.0,1920x1200,17,0,100.0,100.0,1,0,0,27.0,1
185610435726,samsung,galaxy tab a6 t580,10.1,16,8.99,"11 Oct, 2022 11:53:41 BST",0,-1,923,"[60.0, 60.0, 33.0, 30.0, 25.0, 20.07, 15.0, 14.0, 11.0, 11.0, 9.0, 8.0]",60.0,-1.0,-1,166,0,100.0,100.0,1,0,0,0.99,1
266028602271,samsung,galaxy tab a t585,10.1,16,5.55,"13 Dec, 2022 16:38:28 GMT",0,-1,138,"[53.0, 52.0, 43.0]",53.0,2.0,1200x1920,214,0,100.0,95.0,1,0,1,40.0,1
285061959160,samsung,galaxy tab a6 t580,10.1,16,14.05,"10 Dec, 2022 12:05:24 GMT",0,-1,1104,[],30.0,-1.0,-1,98,0,100.0,100.0,1,0,1,30.0,0
334653293429,samsung,galaxy tab a t580,10.1,16,4.45,"11 Dec, 2022 19:39:10 GMT",0,-1,80,"[67.11, 65.11, 59.13, 53.0, 30.0]",67.11,-1.0,1920x1200,80,0,100.0,100.0,1,0,1,30.0,1
266022934342,samsung,galaxy tab a6 t580,10.1,32,6.95,"10 Dec, 2022 13:32:53 GMT",0,-1,286,"[52.0, 52.0, 49.0, 48.0, 35.0, 26.0]",52.0,-1.0,1920x1200,109,0,100.0,100.0,1,0,0,25.0,1
385156912814,samsung,galaxy tab a6 t585,10.1,32,4.45,"07 Oct, 2022 17:46:35 BST",0,-1,0,[65.0],65.0,-1.0,-1,1,0,0.0,0.0,0,0,1,65.0,1
325437127297,samsung,galaxy tab at585,10.1,16,5.32,"01 Dec, 2022 11:49:35 GMT",0,-1,145,"[64.0, 62.0, 55.0, 41.0, 40.0, 40.0, 29.0, 23.0, 12.0, 5.0, 1.0]",64.0,2.0,1200x1920,176,0,100.0,100.0,1,0,2,0.99,1
225235640015,samsung,galaxy tab a t585,10.1,16,4.50,"10 Nov, 2022 21:06:52 GMT",1,14,-1,"[37.17, 36.17, 32.0, 30.0, 27.0, 10.0, 5.0, 4.2, 4.0]",37.17,2.0,1900x1200,7000,0,99.7,100.0,1,1,0,0.99,1
115574542667,samsung,galaxy tab a6 t580,10.1,16,4.45,"28 Oct, 2022 14:06:41 BST",0,-1,558,"[72.0, 70.0, 64.0, 54.0, 50.0, 48.0, 32.0]",72.0,2.0,-1,48,0,100.0,100.0,1,0,1,29.5,1
325437553951,samsung,galaxy tab a t580,10.1,32,7.99,"04 Dec, 2022 19:00:00 GMT",1,14,-1,"[54.0, 53.0, 46.66, 40.0]",54.0,-1.0,-1,35000,0,99.4,99.0,1,0,1,39.99,1
325432905482,samsung,galaxy tab a t550,9.75,16,7.99,"26 Nov, 2022 08:50:00 GMT",1,14,-1,[],20.0,-1.0,-1,35000,0,99.4,99.0,1,0,1,20.0,0
204152338897,samsung,galaxy tab a t585,10.0,32,7.99,"20 Nov, 2022 19:55:00 GMT",1,14,-1,"[55.0, 54.0]",55.0,-1.0,-1,35000,0,99.4,99.0,1,0,1,40.0,1
394362018724,samsung,galaxy tab a t580,10.1,16,4.99,"10 Dec, 2022 20:57:18 GMT",0,-1,3,[25.0],25.0,-1.0,1920x1200,12,0,100.0,100.0,1,1,0,25.0,1
385267718343,samsung,galaxy tab a t580,10.1,16,7.99,"06 Dec, 2022 15:03:20 GMT",1,14,-1,[39.99],39.99,-1.0,-1,35000,0,99.4,99.0,1,0,1,39.99,1
155226877757,samsung,galaxy tab a t585,10.1,16,5.90,"03 Nov, 2022 15:50:01 GMT",1,14,-1,"[43.0, 42.0, 41.0, 24.0, 23.0, 20.0, 19.0, 14.17, 8.0, 7.0, 1.5]",43.0,4.0,1752x2800,2700,0,99.5,98.0,1,0,1,0.01,1
155228498561,samsung,tab a t585,10.1,16,5.90,"04 Nov, 2022 14:22:59 GMT",1,14,-1,"[33.89, 32.89, 19.5, 18.0, 15.0, 14.0, 12.0, 10.0, 8.0, 6.0, 2.0]",33.89,4.0,1752x2800,2700,0,99.5,98.0,1,0,1,0.01,1
234804788763,samsung,galaxy tab a t585,10.1,32,4.85,"03 Dec, 2022 20:57:05 GMT",0,-1,2818,[76.0],76.0,2.0,1920x1200,1900,0,98.5,99.0,1,0,0,25.0,1
334618555565,samsung,galaxy tab a t580,10.1,16,4.45,"13 Nov, 2022 21:00:01 GMT",0,-1,80,"[49.0, 48.0, 39.0, 35.0, 30.0]",49.0,-1.0,1920x1200,80,0,100.0,100.0,1,0,1,30.0,1
285006519723,samsung,galaxy tab a6 t580,10.1,16,3.35,"25 Oct, 2022 21:13:04 BST",0,-1,18,"[58.0, 57.0, 55.5, 50.0, 43.0, 35.0, 33.0]",58.0,-1.0,-1,17,0,100.0,100.0,1,0,0,32.0,1
364020813560,samsung,galaxy tab a t585,10.1,16,9.45,"26 Oct, 2022 12:58:03 BST",0,-1,66,"[18.0, 17.0, 11.0]",18.0,2.0,-1,15,0,100.0,100.0,1,1,1,11.0,1
295263615280,samsung,galaxy tab a t580,10.1,16,4.45,"15 Oct, 2022 20:53:43 BST",0,-1,161,"[53.0, 52.0, 44.0, 32.0, 30.0, 21.0, 20.0]",53.0,1.0,-1,354,0,100.0,100.0,1,0,0,20.0,1
385149203611,samsung,galaxy tab a t580,10.1,32,3.35,"10 Oct, 2022 17:12:04 BST",0,-1,7,"[65.0, 63.0, 39.01]",65.0,-1.0,1920x1200,1,0,100.0,100.0,1,0,0,38.0,1
385148585414,samsung,galaxy tab a6 t585,10.1,16,4.80,"08 Oct, 2022 08:14:15 BST",0,-1,177,[54.0],54.0,2.0,-1,220,0,100.0,100.0,1,0,0,19.99,1
195504777253,apple,ipad pro 2,11.0,128,0,"12 Dec, 2022 14:08:35 GMT",1,30,-1,"[590.0, 580.0, 550.0, 480.0]",590.0,-1.0,-1,14000,1,99.7,99.0,0,0,0,480.0,1
404021462383,apple,ipad pro 2,11.0,128,0,"05 Dec, 2022 14:02:38 GMT",1,30,-1,[520.0],520.0,-1.0,-1,14000,1,99.7,99.0,0,0,0,520.0,1
404008777627,apple,ipad pro 2,11.0,128,0,"28 Nov, 2022 13:23:17 GMT",1,30,-1,[],520.0,-1.0,-1,14000,1,99.7,99.0,0,0,0,520.0,0
125644402203,apple,ipad pro 2,11.0,128,8.05,"09 Dec, 2022 18:33:13 GMT",0,-1,251,"[350.0, 340.0, 310.0, 250.0, 247.0, 232.0, 171.0, 100.0]",350.0,-1.0,-1,134,0,100.0,100.0,1,0,1,100.0,1
285029099102,apple,ipad pro 2,11.0,256,10.00,"13 Nov, 2022 19:45:03 GMT",0,-1,688,"[430.0, 420.0, 400.0, 380.0, 220.0, 100.0, 58.0, 56.0, 10.0, 3.0]",430.0,6.0,2732x2048,88,0,100.0,100.0,1,0,2,0.99,1
334594833546,apple,ipad pro 2,11.0,256,15.45,"23 Oct, 2022 11:58:46 BST",0,-1,91,"[430.0, 420.0, 386.0, 366.0, 303.0, 303.0, 293.0]",430.0,6.0,2732x2048,46,0,100.0,100.0,1,0,2,268.0,1
334576838937,apple,ipad pro 2,11.0,128,3.50,"07 Oct, 2022 19:00:01 BST",0,-1,162,"[360.0, 350.0, 337.0, 293.0, 283.0, 258.0, 253.0, 250.0, 230.0, 199.0, 104.0, 100.0, 50.0, 10.0, 3.0, 3.0]",360.0,-1.0,-1,119,0,100.0,100.0,1,0,0,0.99,1
155269152477,apple,ipad pro 3,11.0,256,10.00,"28 Nov, 2022 21:50:38 GMT",0,-1,1239,"[670.0, 650.0, 531.0, 450.0, 440.0, 430.0, 420.0, 400.0, 320.0, 300.0, 250.0, 200.0, 108.0, 104.0]",670.0,8.0,2388x1668,1300,0,100.0,100.0,1,0,2,0.99,1
295403733551,apple,ipad pro 6,12.9,256,0,"12 Dec, 2022 15:55:32 GMT",0,-1,2,"[905.0, 885.0, 820.0, 800.0, 700.0, 640.0, 600.0, 580.0, 570.0, 560.0, 550.0]",905.0,-1.0,-1,1,0,100.0,100.0,0,0,2,550.0,1
285047253923,apple,ipad pro 2,11.0,256,0,"28 Nov, 2022 19:01:15 GMT",0,-1,159,"[515.0, 505.0, 455.0, 420.0, 390.0, 380.0, 370.0, 360.0, 275.0, 116.0, 112.0, 100.0]",515.0,6.0,2732x2048,127,0,100.0,100.0,1,0,2,0.99,1
115546954283,apple,ipad pro 5,12.9,128,12.00,"08 Oct, 2022 11:52:01 BST",0,-1,450,"[800.07, 788.0, 720.0, 701.0, 680.0, 620.0, 600.0]",800.07,-1.0,-1,262,0,100.0,100.0,0,0,1,600.0,1
265990882880,apple,ipad pro 2,11.0,128,10.00,"22 Nov, 2022 12:15:34 GMT",1,14,26,"[462.0, 460.0, 431.0, 400.0]",462.0,6.0,2732x2048,45,0,100.0,100.0,1,0,2,400.0,1
304717127913,apple,ipad pro 2,11.0,128,15.00,"01 Dec, 2022 14:37:00 GMT",0,-1,787,"[351.0, 341.0, 201.0, 181.0, 171.0, 110.0, 106.0, 100.0, 55.0, 52.0, 36.0, 35.0, 3.0]",351.0,-1.0,-1,228,0,100.0,100.0,1,0,2,1.0,1
165812317438,apple,ipad pro 3,11.0,1024,9.50,"04 Dec, 2022 15:39:37 GMT",0,-1,470,"[770.0, 750.0, 653.0, 425.0, 400.0, 334.0, 300.0, 225.0, 150.0, 130.0, 20.2]",770.0,-1.0,-1,558,0,98.8,99.0,1,0,2,0.99,1
255810750422,apple,ipad pro 4,11.0,256,7.95,"11 Nov, 2022 18:12:23 GMT",0,-1,74,"[900.0, 880.0, 862.51, 840.0, 820.0, 760.0, 700.0, 660.0, 640.0, 550.0]",900.0,-1.0,-1,35,0,100.0,100.0,0,0,1,300.0,1
334604359267,apple,ipad pro 3,11.0,256,4.45,"31 Oct, 2022 20:47:24 GMT",0,-1,59,"[720.0, 700.0]",720.0,8.0,2388x1668,122,0,100.0,100.0,0,0,1,700.0,1
144782246876,apple,ipad pro 2,12.9,128,0,"01 Nov, 2022 15:22:14 GMT",0,-1,32,"[303.52, 301.0, 285.0, 275.0, 210.0, 189.0]",303.52,8.0,2732x2048,7,0,100.0,100.0,1,0,0,189.0,1
304699902781,apple,ipad pro 1,11.0,256,7.95,"19 Nov, 2022 19:13:23 GMT",0,-1,73,"[170.0, 170.0, 160.0, 155.0, 150.0, 102.0, 102.0]",170.0,-1.0,-1,90,0,100.0,97.0,1,0,1,100.0,1
204157621975,apple,ipad pro 1,11.0,64,9.85,"21 Nov, 2022 21:06:41 GMT",0,-1,110,"[345.0, 335.0, 201.0, 200.0, 191.0, 186.0, 180.0, 171.0, 144.0, 128.0, 114.0]",345.0,4.0,2388x1668,180,0,100.0,96.0,1,0,2,99.0,1
144774905849,apple,ipad pro 3,11.0,256,8.99,"27 Oct, 2022 11:05:20 BST",1,30,3345,"[293.88, 288.88, 220.0, 217.0, 180.01, 80.0, 59.0, 50.0, 20.0, 17.0, 9.0, 4.0, 3.0, 2.0]",293.88,8.0,-1,8300,0,99.8,100.0,1,1,2,0.99,1
204107818360,apple,ipad pro 1,11.0,64,9.85,"06 Oct, 2022 22:29:46 BST",0,-1,110,"[345.0, 341.0, 305.0, 291.0, 280.01, 215.0, 211.0, 205.0, 200.0, 141.0, 103.0, 91.0, 85.0, 60.0, 50.0]",345.0,4.0,2388x1668,180,0,100.0,96.0,1,0,2,0.99,1
255790889602,apple,ipad pro 4,12.9,256,9.99,"30 Oct, 2022 11:02:14 GMT",0,-1,205,[599.0],599.0,6.0,2048x2732,351,0,100.0,100.0,1,0,2,599.0,1
354356361098,apple,ipad pro 2,11.0,1024,4.45,"04 Nov, 2022 19:01:51 GMT",0,-1,21,"[520.0, 510.0, 500.0, 460.0, 440.0, 400.0]",520.0,-1.0,-1,50,0,95.7,96.0,0,0,1,350.0,1
115609357403,apple,ipad pro 2,11.0,128,17.6,"29 Nov, 2022 14:00:49 GMT",0,-1,5,[572.0],572.0,6.0,2388x1668,3,0,0.0,0.0,1,0,0,572.0,1
325414423337,apple,ipad pro 3,11.0,64,6.99,"14 Nov, 2022 02:50:31 GMT",0,-1,390,"[362.0, 352.0, 322.0, 297.0, 282.0, 277.0, 272.0, 237.0, 233.0, 222.0, 211.11, 210.0, 180.0, 180.0, 160.0]",362.0,-1.0,-1,705,0,99.2,99.0,1,0,2,150.0,1
304713115433,apple,ipad pro 1,11.0,256,7.95,"30 Nov, 2022 10:25:40 GMT",0,-1,73,"[175.0, 170.0, 165.0, 155.0, 128.0, 118.0, 106.0, 102.0]",175.0,-1.0,-1,90,0,100.0,97.0,1,0,1,100.0,1
325404785560,apple,ipad pro 2,11.0,64,6.99,"06 Nov, 2022 20:20:12 GMT",0,-1,390,"[320.0, 315.0, 300.0, 285.0, 210.0, 205.0, 195.0, 190.0, 180.0, 175.0, 155.0]",320.0,-1.0,-1,705,0,99.2,99.0,1,0,2,150.0,1
115617005874,apple,ipad pro 2,11.0,128,8.00,"28 Nov, 2022 19:49:02 GMT",0,-1,207,"[460.0, 450.0, 392.0, 381.5, 324.0, 314.0, 304.0, 301.51, 234.0]",460.0,-1.0,-1,102,0,100.0,100.0,1,0,2,234.0,1
234797479192,apple,ipad pro 2,11.0,256,9.00,"04 Dec, 2022 11:05:52 GMT",0,-1,107,"[440.0, 430.0, 426.0, 405.55, 380.0, 355.55, 330.0]",440.0,-1.0,-1,283,0,100.0,100.0,1,0,2,299.0,1
364026302014,apple,ipad pro 5,12.9,128,14.99,"31 Oct, 2022 13:47:31 GMT",0,-1,88,"[821.0, 801.0, 789.0, 740.0, 680.0, 600.0, 25.01]",821.0,-1.0,2732x2048,274,0,97.6,98.0,0,0,1,0.99,1
325385088549,apple,ipad pro 5,12.9,2048,15.00,"23 Oct, 2022 20:01:01 BST",0,-1,280,"[1579.96, 1529.96, 1400.0, 1350.0, 1250.0, 1210.0, 1110.0, 940.0, 920.0, 820.0, 800.0, 600.0]",1579.96,-1.0,2732x2048,103,0,100.0,100.0,0,0,2,600.0,1
144783194088,apple,ipad pro 2,11.0,128,8.99,"02 Nov, 2022 09:44:43 GMT",1,30,3345,"[205.01, 200.01, 180.0, 100.0, 100.0, 23.0]",205.01,6.0,-1,8300,0,99.8,100.0,1,1,2,0.99,1
165717350072,apple,ipad pro 2,11.0,128,8.95,"16 Oct, 2022 16:49:12 BST",0,-1,1154,"[400.0, 390.0, 371.0, 320.0, 150.0, 62.0, 56.0, 34.0, 1.0]",400.0,-1.0,-1,204,0,100.0,100.0,0,0,2,0.01,1
364054363138,apple,ipad pro 1,11.0,256,9.00,"24 Nov, 2022 20:31:15 GMT",0,-1,1656,"[330.0, 321.0]",330.0,-1.0,-1,1200,0,98.9,98.0,1,0,2,300.0,1
275566493543,apple,ipad pro 2,11.0,256,6.92,"11 Dec, 2022 13:03:25 GMT",0,-1,40,"[435.0, 425.0, 390.0, 380.0]",435.0,-1.0,-1,27,0,100.0,100.0,0,0,2,377.0,1
155291536566,apple,ipad air 5,10.9,64,0,"11 Dec, 2022 19:36:11 GMT",0,-1,607,"[515.0, 505.0, 460.0, 440.0, 210.0, 200.0]",515.0,8.0,2360x1640,547,0,100.0,100.0,0,0,0,200.0,1
285012688230,apple,ipad air 4,10.8,256,10.00,"30 Oct, 2022 20:46:05 GMT",0,-1,733,"[440.0, 432.99, 410.0, 400.0, 398.0, 295.0, 295.0, 280.0, 275.0, 260.0, 250.0, 104.0, 51.0, 50.0, 50.0]",440.0,-1.0,-1,480,0,91.7,93.0,1,0,2,0.99,1
225239483295,apple,ipad air 4,10.9,64,7.50,"13 Nov, 2022 19:00:01 GMT",0,-1,470,"[480.0, 470.0, 365.0, 310.0, 285.0, 250.0]",480.0,4.0,2360x1640,133,0,100.0,100.0,1,0,0,250.0,1
175528552453,apple,ipad air 4,10.9,64,6.92,"14 Dec, 2022 13:58:41 GMT",0,-1,13,"[405.0, 395.0, 295.0, 260.0, 255.0]",405.0,-1.0,2360x1640,8,0,100.0,100.0,1,0,2,250.0,1
364079813998,apple,ipad air 4,10.9,64,5.32,"17 Dec, 2022 16:01:13 GMT",0,-1,3,"[410.0, 400.0, 340.0, 290.0]",410.0,-1.0,2360x1640,1,0,0.0,0.0,1,0,2,225.0,1
325459960495,apple,ipad air 4,10.9,64,7.50,"17 Dec, 2022 11:17:42 GMT",1,14,-1,"[283.0, 278.0, 268.0, 258.0]",283.0,4.0,2360x1640,35000,0,99.4,99.0,1,0,1,94.99,1
175494743972,apple,ipad air 4,10.9,256,8.95,"25 Nov, 2022 07:30:15 GMT",0,-1,150,"[468.0, 458.0, 447.93, 401.47, 380.0, 360.0]",468.0,-1.0,2360x1640,6,0,100.0,100.0,1,0,2,297.0,1
374343421115,apple,ipad air 4,10.9,64,6.92,"15 Nov, 2022 11:25:22 GMT",0,-1,1,"[360.0, 350.0, 350.0, 310.0, 290.0, 280.0]",360.0,-1.0,-1,1,0,100.0,100.0,1,0,2,280.0,1
364073779704,apple,ipad 9,10.1,64,7.50,"09 Dec, 2022 19:30:52 GMT",0,-1,27,"[280.0, 275.0, 265.0, 250.0, 233.0, 210.0, 192.5, 160.0, 150.0, 150.0, 123.0, 92.5]",280.0,3.0,2048x1536,70,0,100.0,100.0,1,0,0,0.99,1
266018980919,apple,ipad air 4,10.9,64,0,"06 Dec, 2022 10:51:09 GMT",0,-1,249,"[400.0, 390.0, 270.0, 250.0]",400.0,-1.0,2360x1640,79,0,100.0,100.0,1,0,2,180.0,1
175494912233,apple,ipad air 5,10.9,64,6.92,"23 Nov, 2022 10:30:36 GMT",0,-1,5,"[440.0, 432.0, 390.0, 350.0, 330.0, 285.0, 275.0, 230.0, 225.0, 222.0]",440.0,8.0,2360x1640,4,0,100.0,100.0,1,0,2,200.0,1
175525175581,apple,ipad air 4,10.9,64,6.92,"15 Dec, 2022 21:08:22 GMT",0,-1,17,[],250.0,-1.0,-1,4,0,100.0,100.0,1,0,2,250.0,0
266000441593,apple,ipad air 4,10.9,64,10.00,"21 Nov, 2022 20:53:41 GMT",0,-1,265,"[321.0, 321.0, 292.99, 280.0, 265.0, 240.0, 225.0, 220.0, 190.0, 160.0, 155.0, 150.0]",321.0,-1.0,2360x1640,349,0,100.0,100.0,1,0,2,150.0,1
325414878824,apple,ipad air 4,10.9,64,0,"08 Nov, 2022 13:55:45 GMT",0,-1,672,"[390.0, 380.0, 370.0, 340.0, 290.0, 280.0, 200.0, 130.0, 88.0, 78.0, 74.0, 70.0, 50.0, 1.0]",390.0,-1.0,2360x1640,460,0,100.0,100.0,0,0,1,0.99,1
404028549122,apple,ipad air 5,10.9,64,11.99,"11 Dec, 2022 22:01:01 GMT",0,-1,210,"[470.0, 460.0, 440.0, 385.0, 350.0, 255.0, 150.0, 125.55, 110.0, 106.0, 1.0]",470.0,8.0,2360x1640,163,0,100.0,100.0,1,0,2,1.0,1
134317002425,apple,ipad air 4,10.9,256,0,"13 Nov, 2022 16:45:39 GMT",0,-1,1379,"[485.0, 475.0, 410.0, 400.0, 390.0, 380.0, 370.0, 350.0, 330.0, 320.0, 300.0, 270.0, 250.0]",485.0,4.0,-1,823,0,100.0,100.0,1,0,2,200.0,1
115619164072,apple,ipad air 4,10.9,256,19.45,"04 Dec, 2022 18:24:46 GMT",0,-1,295,"[450.0, 440.0, 410.0, 400.0, 315.0]",450.0,-1.0,-1,244,0,100.0,100.0,1,0,2,290.0,1
134357478266,apple,ipad pro 4,12.9,256,6.92,"15 Dec, 2022 12:10:01 GMT",0,-1,332,[600.0],600.0,6.0,2732x2048,79,0,100.0,100.0,1,0,2,600.0,1
144820251702,apple,ipad pro 4,12.9,256,8.99,"28 Nov, 2022 11:53:54 GMT",1,30,3345,"[250.0, 245.0, 230.66, 201.0, 200.0, 161.0, 150.0, 120.0, 100.0, 55.55, 21.0]",250.0,6.0,-1,8300,0,99.8,100.0,1,1,2,0.99,1
275541025547,apple,ipad pro 4,12.9,256,12.00,"22 Nov, 2022 13:04:29 GMT",0,-1,69,"[530.0, 530.0, 510.0, 510.0, 420.0, 400.0, 353.0]",530.0,0.25,2732x2048,3,0,100.0,100.0,1,0,2,303.0,1
234779567049,apple,ipad pro 4,12.9,256,5.32,"21 Nov, 2022 15:37:33 GMT",0,-1,567,"[660.0, 640.0, 570.0, 560.0, 550.0]",660.0,-1.0,-1,44,0,100.0,100.0,1,0,2,450.0,1
165776261598,apple,ipad pro 4,12.9,256,11.15,"20 Nov, 2022 17:43:02 GMT",0,-1,57,"[761.0, 741.0, 725.0, 641.0, 601.0, 550.0]",761.0,8.0,2732x2048,92,0,100.0,90.0,0,0,2,550.0,1
144792688345,apple,ipad pro 4,12.9,256,8.99,"09 Nov, 2022 10:17:13 GMT",1,30,3345,"[330.0, 320.0, 300.0, 250.0, 250.0, 200.0, 200.0, 122.22, 95.0, 53.0, 50.0, 32.0, 9.0, 8.0, 7.0, 2.0]",330.0,6.0,-1,8300,0,99.8,100.0,1,1,2,0.99,1
144776281963,apple,ipad pro 4,12.9,256,4.45,"28 Oct, 2022 10:38:34 BST",0,-1,323,"[605.0, 595.0, 555.0, 515.0, 484.0, 454.0, 444.0]",605.0,-1.0,-1,279,0,100.0,100.0,1,0,1,444.0,1
295287253901,apple,ipad pro 4,12.9,256,16.99,"26 Oct, 2022 21:05:40 BST",0,-1,658,"[730.0, 710.0, 706.0, 686.0, 666.66, 646.0, 620.0, 596.0, 586.0, 576.0, 570.0, 519.0, 509.0]",730.0,-1.0,2732x2048,47,0,100.0,100.0,1,0,2,499.0,1
115574616316,apple,ipad pro 4,12.9,256,11.15,"24 Oct, 2022 15:00:26 BST",0,-1,252,"[560.0, 550.0, 525.0, 480.0, 454.0, 400.0, 380.0, 371.0, 206.0, 201.0, 200.0, 175.0, 125.0, 113.0, 28.0, 21.78, 1.0]",560.0,-1.0,2732x2048,51,0,100.0,100.0,1,0,2,0.99,1
255767725141,apple,ipad pro 4,12.9,256,20.00,"12 Oct, 2022 13:52:37 BST",0,-1,24,"[665.0, 650.0]",665.0,6.0,2732x2048,7,0,100.0,100.0,1,0,1,600.0,1
144753903311,apple,ipad pro 4,12.9,256,8.99,"12 Oct, 2022 10:52:22 BST",1,30,3345,"[339.0, 329.0, 300.0, 300.0, 280.01, 224.0, 219.0, 214.0, 200.0, 108.0, 100.0]",339.0,6.0,-1,8300,0,99.8,100.0,1,1,2,0.99,1
165705352621,apple,ipad pro 4,12.9,256,0,"09 Oct, 2022 20:00:00 BST",0,-1,1575,[599.0],599.0,6.0,2732x2048,316,0,100.0,100.0,1,0,2,499.0,1
134260651923,apple,ipad pro 4,12.9,256,15.00,"09 Oct, 2022 19:30:00 BST",0,-1,177,"[780.0, 760.0, 740.0, 720.0, 700.0, 660.0, 490.0, 370.0, 310.0, 300.0, 252.0, 130.0, 120.0, 100.0, 80.0]",780.0,-1.0,-1,153,0,100.0,100.0,1,0,1,0.99,1
275559383517,samsung,galaxy tab s2 t815,9.7,32,6.85,"06 Dec, 2022 14:07:35 GMT",0,-1,365,"[80.0, 78.0, 67.0, 65.0, 45.0, 42.5, 39.0, 38.0, 37.0, 37.0, 35.0]",80.0,3.0,-1,9,0,100.0,100.0,1,0,2,30.0,1
234732134043,amazon,kindle fire hd 10,8.0,32,7.00,"23 Oct, 2022 21:17:01 BST",0,-1,342,"[29.0, 28.0, 27.0, 26.66, 24.0]",29.0,2.0,1280x800,231,0,100.0,100.0,1,0,1,15.0,1
265984430409,amazon,kindle fire hd 7,8.0,16,4.45,"18 Nov, 2022 12:15:55 GMT",0,-1,37,[],50.0,-1.0,1280x800,9,0,100.0,100.0,0,0,1,50.0,0
225295203427,amazon,kindle fire 5,7.0,8,6.92,"19 Dec, 2022 12:09:30 GMT",0,-1,236,[0.99],0.99,0.5,-1,396,0,100.0,100.0,1,0,2,0.99,1
225293720602,amazon,kindle fire 5,7.0,8,5.50,"18 Dec, 2022 18:03:39 GMT",0,-1,1439,[7.5],7.5,1.0,-1,2400,0,99.0,99.0,1,0,0,7.5,1
185700838714,amazon,kindle fire kids 7,7.0,8,2.70,"18 Dec, 2022 20:30:01 GMT",0,-1,292,"[24.0, 23.0, 20.0, 17.0]",24.0,-1.0,-1,222,0,100.0,100.0,1,0,0,14.0,1
255873515235,amazon,kindle fire 7,7.0,6,3.50,"18 Dec, 2022 15:05:27 GMT",1,14,659,"[14.5, 14.0, 14.0, 12.0, 7.0, 5.0, 4.0, 3.0]",14.5,6.0,-1,540,0,100.0,100.0,1,0,0,0.99,1
225293080076,amazon,kindle fire 7,7.0,8,6.92,"18 Dec, 2022 20:00:01 GMT",0,-1,284,[10.99],10.99,-1.0,-1,248,0,100.0,100.0,1,0,2,10.99,1
204182773695,amazon,kindle fire 9,7.0,16,6.92,"18 Dec, 2022 15:52:07 GMT",0,-1,300,"[12.5, 12.0, 5.5]",12.5,-1.0,-1,118,0,100.0,100.0,1,0,2,4.99,1
225293919317,amazon,kindle fire 7,7.0,8,6.92,"18 Dec, 2022 20:30:01 GMT",0,-1,284,"[4.2, 4.0, 3.0]",4.2,-1.0,-1,248,0,100.0,100.0,1,0,2,0.99,1
255873605217,amazon,kindle fire 7,7.0,12,4.70,"18 Dec, 2022 16:07:09 GMT",0,-1,103,[19.99],19.99,-1.0,-1,40,0,100.0,100.0,1,0,1,19.99,1
204185683688,amazon,kindle fire 12,7.0,16,3.35,"18 Dec, 2022 20:29:06 GMT",0,-1,122,"[21.0, 20.0, 17.0, 16.0, 15.0]",21.0,-1.0,-1,32,0,100.0,100.0,0,0,0,15.0,1
374405570343,amazon,kindle fire kids 9,7.0,16,6.92,"18 Dec, 2022 20:54:24 GMT",0,-1,368,"[41.0, 40.0, 38.08, 32.0, 30.0, 25.0]",41.0,1.0,1024x600,24,0,100.0,100.0,1,0,2,24.0,1
225293389979,amazon,kindle fire 7,10.0,64,6.92,"18 Dec, 2022 15:31:32 GMT",0,-1,12,"[45.0, 45.0, 40.0, 39.0]",45.0,-1.0,-1,22,0,100.0,100.0,0,0,2,37.0,1
285073381540,amazon,kindle fire 9,7.0,16,4.45,"19 Dec, 2022 14:38:22 GMT",0,-1,1393,"[27.0, 26.0, 21.0, 20.0]",27.0,-1.0,-1,197,0,100.0,100.0,1,0,0,20.0,1
334668495915,amazon,kindle fire 5,7.0,12,3.50,"19 Dec, 2022 21:17:54 GMT",0,-1,55,"[10.5, 10.0, 3.0, 2.0, 0.99]",10.5,-1.0,-1,93,0,100.0,100.0,1,0,2,0.99,1
334667248484,amazon,kindle fire 12,7.0,16,0,"18 Dec, 2022 22:28:35 GMT",0,-1,6,"[27.0, 27.0, 24.0, 20.0, 8.99, 5.0]",27.0,2.0,-1,0,0,0.0,0.0,1,0,2,0.99,1
225295965896,amazon,kindle fire 9,7.0,16,0,"19 Dec, 2022 21:15:58 GMT",0,-1,843,"[28.01, 27.27, 25.0, 20.0, 15.0, 11.0, 9.0, 5.0, 4.0]",28.01,-1.0,-1,156,0,100.0,100.0,0,0,0,0.99,1
225293769403,amazon,kindle fire 7,7.0,8,10.00,"18 Dec, 2022 18:29:00 GMT",0,-1,36,"[31.0, 30.0, 22.0, 20.0]",31.0,8.0,1024x600,32,0,100.0,100.0,0,0,0,19.87,1
225307729473,amazon,kindle fire 9,7.0,16,4.99,"20 Dec, 2022 13:24:01 GMT",0,-1,659,"[21.0, 20.0]",21.0,-1.0,-1,219,0,100.0,100.0,1,0,0,15.0,1
266036795850,amazon,kindle fire 9,7.0,32,6.92,"18 Dec, 2022 20:50:51 GMT",0,-1,338,"[22.0, 21.0, 20.0]",22.0,-1.0,-1,280,0,100.0,100.0,0,0,2,20.0,1
314280901307,apple,ipad pro 6,12.9,256,5.00,"19 Dec, 2022 19:40:08 GMT",0,-1,188,"[1080.01, 1060.01, 1020.0, 1020.0, 960.0, 760.0, 720.0, 703.64]",1080.01,-1.0,-1,52,0,100.0,100.0,0,0,2,700.0,1
255883115782,apple,ipad pro 4,12.9,256,6.92,"20 Dec, 2022 10:23:17 GMT",0,-1,334,"[205.0, 200.0, 180.0, 170.0, 120.0, 55.0]",205.0,-1.0,-1,46,0,100.0,100.0,1,0,2,50.0,1
134366493413,apple,ipad pro 6,12.9,128,18.00,"15 Dec, 2022 21:15:53 GMT",0,-1,59,"[870.0, 850.0, 800.0, 680.0, 660.0, 640.0]",870.0,8.0,2732x2048,110,0,96.3,96.0,0,0,2,600.0,1
204183595646,lenovo,tab 2 a7-20f,7.0,8,4.45,"19 Dec, 2022 09:45:53 GMT",0,-1,210,[12.5],12.5,1.0,-1,13,0,100.0,100.0,1,0,0,12.5,1
225278375198,amazon,kindle paperwhite 7,6.0,-1,3.99,"18 Dec, 2022 20:00:01 GMT",1,30,-1,"[33.0, 32.0, 31.0, 30.0, 22.0, 17.71, 11.0, 10.0]",33.0,-1.0,-1,358000,0,99.8,99.0,1,0,0,6.99,1
204184118865,amazon,kindle fire hd 8,8.0,32,6.92,"19 Dec, 2022 20:21:02 GMT",0,-1,178,"[24.0, 23.05]",24.0,-1.0,-1,9,0,100.0,100.0,1,0,2,18.0,1
404041523257,amazon,kindle fire 7,7.0,8,3.50,"18 Dec, 2022 19:44:36 GMT",0,-1,458,"[9.16, 8.66, 8.0, 5.0, 3.5]",9.16,1.0,1024x600,1300,0,98.0,97.0,1,0,0,2.99,1
385290919322,amazon,kindle fire hd 7,8.0,12,2.82,"19 Dec, 2022 21:13:41 GMT",0,-1,39,[17.9],17.9,-1.0,-1,64,0,100.0,100.0,1,0,0,17.9,1
266036791811,amazon,kindle fire 9,7.0,32,6.92,"18 Dec, 2022 20:47:38 GMT",0,-1,338,"[31.0, 30.0, 26.0]",31.0,-1.0,-1,280,0,100.0,100.0,0,0,2,25.0,1
385290917113,amazon,kindle fire hd 7,8.0,12,2.82,"19 Dec, 2022 21:10:26 GMT",0,-1,39,[16.9],16.9,-1.0,-1,64,0,100.0,100.0,1,0,0,16.9,1
304735408206,amazon,kindle fire hd 7,7.0,16,4.50,"18 Dec, 2022 19:16:18 GMT",0,-1,1846,[25.0],25.0,-1.0,-1,1600,0,100.0,99.0,1,0,0,25.0,1
385278747537,amazon,kindle fire hd 10,8.0,32,7.99,"19 Dec, 2022 20:05:00 GMT",1,14,-1,[9.99],9.99,-1.0,-1,35000,0,99.4,99.0,1,0,1,9.99,1
134369452062,amazon,kindle fire hd 10,8.0,32,0,"19 Dec, 2022 17:42:56 GMT",0,-1,6,"[32.0, 31.0, 28.0, 22.0, 21.0, 8.0]",32.0,2.0,-1,38,0,100.0,100.0,0,0,0,1.05,1
134369451706,amazon,kindle fire hd 10,8.0,32,0,"19 Dec, 2022 17:42:11 GMT",0,-1,6,"[36.0, 35.0, 35.0, 25.0, 21.0, 15.0, 5.55, 4.0]",36.0,2.0,-1,38,0,100.0,100.0,0,0,0,1.01,1
354444544385,samsung,galaxy tab s5e t720,10.5,64,4.45,"18 Dec, 2022 18:27:40 GMT",0,-1,10,"[67.55, 65.55, 60.0, 56.0, 50.0, 45.0, 42.0, 20.0, 15.0, 10.0, 1.0]",67.55,4.0,-1,37,0,100.0,100.0,1,1,0,0.99,1
304655118732,samsung,galaxy tab a t585,10.1,16,4.25,"15 Oct, 2022 15:52:23 BST",1,30,3760,"[45.0, 45.0, 40.0, 35.0]",45.0,2.0,1920x1200,5400,0,99.8,99.0,1,0,0,34.99,1
155313095891,apple,ipad pro 4,11.0,128,0,"19 Dec, 2022 17:26:42 GMT",0,-1,11,"[608.13, 598.13, 570.0, 560.0, 500.0, 480.0]",608.13,-1.0,-1,3,0,100.0,100.0,0,0,2,480.0,1
125663927149,apple,ipad air 4,10.9,64,9.05,"19 Dec, 2022 16:03:39 GMT",0,-1,1308,[],400.0,4.0,2360x1640,377,0,100.0,100.0,1,0,1,400.0,0
144853946387,apple,ipad air 4,10.9,64,8.99,"20 Dec, 2022 16:52:28 GMT",1,30,3345,"[73.0, 71.0, 61.0, 21.0, 12.0, 8.0, 2.0, 2.0, 1.0]",73.0,4.0,-1,8300,0,99.8,100.0,1,1,2,0.99,1
266008387045,amazon,kindle fire 7,8.0,16,4.45,"02 Dec, 2022 12:17:37 GMT",0,-1,37,[],40.0,-1.0,1280x800,9,0,100.0,100.0,0,0,1,40.0,0
265996279875,amazon,kindle fire hd 7,8.0,16,4.45,"25 Nov, 2022 12:17:06 GMT",0,-1,37,[],40.0,-1.0,1280x800,9,0,100.0,100.0,0,0,1,40.0,0
385236700093,samsung,galaxy tab a t550,9.7,16,4.45,"26 Nov, 2022 17:02:03 GMT",0,-1,23,[],60.0,1.5,768x1024,22,0,90.5,90.0,1,0,0,60.0,0
155263903361,amazon,kindle paperwhite 7,6.0,4,0,"30 Nov, 2022 20:00:01 GMT",0,-1,869,[],17.5,1.0,-1,354,0,100.0,100.0,1,0,0,17.5,0
204158330815,amazon,kindle paperwhite 7,6.0,4,3.50,"27 Nov, 2022 20:02:00 GMT",0,-1,447,[],15.0,1.0,600x800,593,0,100.0,100.0,1,1,0,15.0,0
185670799909,samsung,galaxy tab a t595,10.5,32,9.50,"04 Dec, 2022 19:43:38 GMT",1,30,3162,[],75.0,3.0,1900x1200,5800,0,100.0,100.0,1,0,0,75.0,0
175497650928,samsung,galaxy tab s5e,10.5,64,5.32,"27 Nov, 2022 15:31:59 GMT",0,-1,374,[],170.0,4.0,2560x1600,49,0,96.0,96.0,0,0,2,170.0,0
195475412969,apple,ipad air 4,10.9,64,4.50,"23 Nov, 2022 13:28:47 GMT",1,30,-1,[],495.0,-1.0,2360x1640,14000,1,99.7,99.0,0,0,0,495.0,0
185664822419,apple,ipad pro 4,12.9,256,0,"27 Nov, 2022 12:54:57 GMT",0,-1,527,[],590.0,6.0,2732x2048,327,0,100.0,100.0,1,0,0,590.0,0
144880385926,amazon,kindle fire 12,7.0,16,7.95,"01 Jan, 2023 15:14:39 GMT",0,-1,144,"[46.0, 45.0, 32.0, 30.0, 19.0, 12.0, 12.0, 10.0, 8.0]",46.0,-1.0,-1,134,0,100.0,100.0,1,0,2,0.99,1
144874464001,amazon,kindle fire kids 7,7.0,16,6.92,"03 Jan, 2023 13:26:38 GMT",0,-1,74,"[42.0, 41.0, 41.0, 35.0, 34.0, 30.0, 25.0, 24.0, 23.0]",42.0,0.5,-1,69,0,0.0,0.0,1,0,2,22.6,1
285090307191,amazon,kindle fire 12,7.0,16,0,"04 Jan, 2023 11:14:57 GMT",0,-1,1476,"[41.0, 40.0, 35.98, 30.0, 17.5, 17.0, 15.0, 11.0]",41.0,-1.0,-1,87,0,100.0,100.0,0,0,0,10.0,1
285089713869,amazon,kindle fire kids,7.0,16,6.92,"01 Jan, 2023 19:44:40 GMT",0,-1,225,"[52.0, 51.0, 40.0, 38.0, 37.0, 35.5]",52.0,-1.0,-1,255,0,100.0,100.0,0,0,2,32.0,1
234807377996,amazon,kindle fire,7.0,-1,3.85,"11 Dec, 2022 21:38:23 GMT",0,-1,3994,[8.95],8.95,-1.0,-1,2200,0,100.0,100.0,1,0,0,8.95,1
234838736516,amazon,kindle fire 7,7.0,16,6.92,"01 Jan, 2023 10:59:42 GMT",0,-1,202,"[29.0, 28.0, 22.0, 20.0]",29.0,-1.0,-1,112,0,100.0,100.0,1,0,2,20.0,1
225311634123,amazon,kindle fire kids 9,7.0,16,3.35,"28 Dec, 2022 21:22:43 GMT",0,-1,184,"[21.8, 21.21, 14.0, 13.0, 12.0, 11.0, 11.0]",21.8,2.0,1280x800,158,0,100.0,100.0,1,0,0,10.0,1
204197129614,amazon,kindle fire kids 7,7.0,16,5.50,"02 Jan, 2023 14:16:56 GMT",0,-1,637,[],59.0,-1.0,-1,211,0,100.0,100.0,1,0,2,59.0,0
125684574992,amazon,kindle fire 9,7.0,26,4.45,"03 Jan, 2023 21:36:41 GMT",0,-1,174,"[11.3, 10.8, 8.0, 7.0]",11.3,-1.0,-1,86,0,100.0,100.0,1,0,0,5.0,1
204157553895,amazon,kindle fire 9,7.0,16,4.80,"21 Nov, 2022 19:20:40 GMT",0,-1,1866,"[24.0, 23.0]",24.0,-1.0,-1,1600,0,100.0,100.0,1,0,0,22.0,1
325476104327,amazon,kindle fire 9,7.0,16,0,"01 Jan, 2023 19:11:51 GMT",0,-1,1061,"[36.0, 35.0, 25.0]",36.0,-1.0,-1,1000,0,100.0,100.0,1,0,0,24.99,1
125687750320,amazon,kindle fire kids 5,7.0,16,6.92,"03 Jan, 2023 18:03:59 GMT",0,-1,0,"[26.0, 25.0, 23.0, 18.0, 15.0, 12.0, 11.0]",26.0,-1.0,-1,1,0,0.0,0.0,1,0,2,10.0,1
266059501572,amazon,kindle fire 9,7.0,32,3.35,"03 Jan, 2023 18:05:21 GMT",0,-1,174,[20.0],20.0,1.0,1024x600,23,0,100.0,98.0,1,0,0,20.0,1
403939094077,amazon,kindle fire kids 7,7.0,-1,4.45,"21 Oct, 2022 07:51:52 BST",0,-1,31,"[12.5, 12.0]",12.5,-1.0,-1,7,0,100.0,100.0,1,0,1,10.0,1
144874978704,amazon,kindle fire 7,7.0,8,3.65,"01 Jan, 2023 22:32:51 GMT",0,-1,1652,"[21.0, 20.0, 17.0, 15.0, 12.0, 12.0]",21.0,-1.0,-1,1000,0,100.0,100.0,1,0,0,9.99,1
295350942283,amazon,kindle fire,7.0,5,3.35,"26 Nov, 2022 19:38:57 GMT",0,-1,1104,[9.99],9.99,-1.0,-1,370,0,100.0,100.0,1,0,0,9.99,1
144867344876,amazon,kindle fire 7 + 2,7.0,8,4.45,"27 Dec, 2022 08:51:03 GMT",0,-1,133,"[13.25, 12.75, 12.5, 5.5, 5.0, 4.0, 2.5]",13.25,-1.0,-1,112,0,100.0,100.0,1,0,0,0.49,1
334632724946,amazon,kindle fire hd 12,7.0,16,3.99,"25 Nov, 2022 11:52:51 GMT",0,-1,301,"[21.0, 20.01, 17.92, 13.0]",21.0,2.0,1024x600,604,0,98.7,98.0,0,0,0,2.0,1
165710589930,amazon,kindle fire 7,7.0,16,0,"12 Oct, 2022 20:01:18 BST",0,-1,228,"[22.67, 22.0, 21.0, 20.0, 12.67, 8.67, 8.33, 7.67, 6.33, 5.0, 4.0]",22.67,-1.0,-1,8,0,100.0,100.0,1,0,1,3.33,1
404066468609,apple,ipad pro 6,12.9,2048,14.05,"22 Dec, 2022 12:24:50 GMT",0,-1,164,"[1750.0, 1700.0, 1300.0, 1040.0, 1020.0, 920.0, 840.0, 800.0, 800.0, 600.0, 520.0, 500.0, 330.0, 310.0, 300.0, 190.0, 150.0, 26.99]",1750.0,-1.0,-1,365,0,100.0,100.0,0,0,1,1.0,1
204199040732,apple,ipad pro 5,12.9,256,14.05,"31 Dec, 2022 15:16:09 GMT",0,-1,921,"[1176.52, 1156.52, 988.0, 986.0, 955.0, 926.0, 806.0, 746.0, 706.0, 686.0, 646.0, 640.0, 606.0, 410.0, 400.0, 350.0, 250.0, 100.0, 82.0, 80.0, 71.0]",1176.52,-1.0,-1,452,0,100.0,100.0,1,0,1,9.99,1
334671687763,apple,ipad pro 5,12.9,128,10.00,"20 Dec, 2022 18:00:08 GMT",0,-1,29,"[660.0, 640.0, 580.0, 560.0, 520.0, 500.0, 460.0, 425.0, 365.0, 310.0]",660.0,-1.0,2732x2048,60,0,100.0,100.0,1,0,2,300.0,1
334671807480,apple,ipad pro 5,12.9,128,0,"20 Dec, 2022 20:10:45 GMT",1,30,236,"[721.99, 701.99, 700.0, 651.66, 640.0, 600.0]",721.99,-1.0,2732x2048,329,0,100.0,99.0,1,0,2,600.0,1
295429098510,apple,ipad pro 6,12.9,128,6.99,"21 Dec, 2022 19:27:28 GMT",0,-1,99,"[1100.0, 1090.0, 891.0, 815.65]",1100.0,8.0,-1,132,0,100.0,100.0,0,0,2,799.0,1
325468533406,apple,ipad pro 4,12.9,128,7.99,"28 Dec, 2022 20:30:01 GMT",1,14,-1,"[529.0, 519.0, 400.0, 345.0]",529.0,6.0,2732x2048,35000,0,99.4,99.0,1,0,1,299.99,1
204191997948,apple,ipad pro 5,12.9,128,7.99,"01 Jan, 2023 20:30:01 GMT",1,14,-1,"[752.0, 732.0, 700.0, 650.0, 605.0, 555.0, 400.0, 340.0, 300.0, 204.0]",752.0,8.0,2732x2048,35000,0,99.4,99.0,1,0,1,199.0,1
204192000278,apple,ipad pro 4,12.9,256,7.99,"27 Dec, 2022 20:30:01 GMT",1,14,-1,"[560.0, 550.0, 515.77, 500.0, 480.0, 400.0, 340.0, 330.0, 320.0, 215.0, 210.0, 205.0]",560.0,6.0,2732x2048,35000,0,99.4,99.0,1,0,1,199.99,1
285093895302,apple,ipad pro 5,12.9,128,0,"01 Jan, 2023 15:30:34 GMT",0,-1,728,[],750.0,8.0,2732x2048,93,0,98.9,99.0,1,0,2,750.0,0
165861777411,apple,ipad pro 1,12.9,128,4.45,"01 Jan, 2023 17:52:43 GMT",0,-1,699,"[200.0, 195.0, 195.0, 156.0, 129.84, 126.35, 106.0]",200.0,4.0,2732x2048,544,0,100.0,100.0,1,0,1,20.0,1
314287424808,apple,ipad pro 6,12.9,128,5.32,"26 Dec, 2022 00:24:15 GMT",0,-1,4,"[975.0, 955.0, 935.0, 875.0, 760.0, 750.0, 720.0, 656.0, 616.0]",975.0,8.0,2732x2048,5,0,100.0,100.0,0,0,2,616.0,1
404078347498,lenovo,tab 2 a7-20f,7.0,8,4.50,"04 Jan, 2023 10:15:19 GMT",0,-1,42,"[25.0, 24.0, 20.0, 15.0]",25.0,1.0,-1,18,0,100.0,100.0,1,0,2,10.0,1
204195043479,lenovo,tab 2 a7-20f,7.0,8,4.45,"30 Dec, 2022 20:05:32 GMT",0,-1,210,"[15.0, 15.0, 12.5]",15.0,1.0,-1,13,0,100.0,100.0,1,0,0,12.5,1
134386189606,amazon,kindle fire hd 7,8.0,32,6.92,"03 Jan, 2023 17:49:35 GMT",0,-1,20,[],14.99,-1.0,-1,74,0,100.0,100.0,1,0,2,14.99,0
195532414513,amazon,kindle fire 7,7.0,8,3.65,"01 Jan, 2023 19:10:13 GMT",1,30,-1,"[10.5, 10.0]",10.5,-1.0,-1,7900,0,100.0,100.0,1,0,0,9.99,1
234829325888,amazon,kindle fire hd 7,8.0,16,3.35,"26 Dec, 2022 15:27:00 GMT",0,-1,54,[40.0],40.0,-1.0,-1,81,0,100.0,100.0,1,0,0,40.0,1
234836450958,amazon,kindle fire 7,7.0,8,3.35,"03 Jan, 2023 15:41:16 GMT",0,-1,561,"[13.0, 12.65, 8.0, 7.0, 7.0, 0.99]",13.0,-1.0,-1,478,0,100.0,100.0,1,0,0,0.99,1
234823137235,amazon,kindle fire hd 7,8.0,16,3.35,"21 Dec, 2022 15:26:41 GMT",0,-1,54,[],40.0,-1.0,-1,81,0,100.0,100.0,1,0,0,40.0,0
295413359452,amazon,kindle fire hd 5,10.1,16,4.45,"20 Dec, 2022 20:00:01 GMT",1,30,-1,[31.0],31.0,-1.0,1280x800,32000,0,99.9,100.0,1,0,0,29.99,1
385299873225,amazon,kindle fire hd 5,10.0,16,6.92,"22 Dec, 2022 16:53:56 GMT",0,-1,640,"[18.0, 18.0, 15.0, 13.62, 8.5, 6.0, 4.0, 3.0]",18.0,-1.0,-1,900,0,100.0,99.0,1,0,2,0.9,1
175549681142,amazon,kindle fire hdx 3,7.0,32,0,"02 Jan, 2023 16:23:46 GMT",0,-1,175,[27.99],27.99,-1.0,-1,50,0,100.0,100.0,1,0,0,27.99,1
204191564555,amazon,kindle fire hdx 3,7.0,32,7.99,"25 Dec, 2022 20:10:00 GMT",1,14,-1,"[10.5, 10.0]",10.5,-1.0,-1,35000,0,99.4,99.0,1,0,1,9.99,1
325474262563,amazon,kindle fire 9,7.0,16,5.87,"30 Dec, 2022 18:33:40 GMT",0,-1,568,"[20.59, 20.0, 16.92]",20.59,-1.0,-1,193,0,100.0,100.0,1,0,0,15.0,1
334680269016,amazon,kindle fire hd 7,8.0,32,0,"03 Jan, 2023 11:08:10 GMT",0,-1,222,"[31.0, 30.0]",31.0,1.5,1280x800,96,0,100.0,100.0,1,0,0,27.62,1
354472456427,amazon,kindle fire hd 2,7.0,16,3.58,"26 Dec, 2022 19:00:01 GMT",0,-1,243,"[13.5, 13.0, 12.5, 9.0, 7.0, 5.67, 4.0, 3.0, 2.0]",13.5,1.0,1024x480,61,0,100.0,100.0,1,0,0,0.99,1
255886857914,amazon,kindle fire kids 5,7.0,16,3.58,"26 Dec, 2022 20:19:07 GMT",0,-1,366,"[39.52, 38.52, 31.0, 22.0, 21.0]",39.52,-1.0,-1,119,0,100.0,100.0,1,0,0,20.9,1
403980027385,amazon,kindle fire 7,7.0,8,4.45,"13 Nov, 2022 16:37:02 GMT",0,-1,54,"[19.0, 18.0, 17.0, 15.0]",19.0,-1.0,-1,12,0,100.0,100.0,0,0,1,15.0,1
155266227238,amazon,kindle fire hd 2,7.0,32,2.82,"26 Nov, 2022 20:04:24 GMT",0,-1,679,"[11.5, 11.0, 11.0, 10.0, 5.0]",11.5,-1.0,-1,74,0,100.0,100.0,1,0,0,0.99,1
266039597775,amazon,kindle fire kids 5,7.0,16,4.95,"20 Dec, 2022 19:31:08 GMT",0,-1,189,"[28.0, 27.0, 26.0, 23.0, 17.0, 15.0, 10.0]",28.0,-1.0,-1,277,0,100.0,100.0,1,0,0,9.99,1
275545232875,amazon,kindle fire hd 7,8.0,32,3.85,"25 Nov, 2022 19:25:19 GMT",0,-1,134,"[46.0, 45.0, 32.0, 28.0, 25.0, 21.0, 16.0]",46.0,1.5,-1,166,0,100.0,100.0,1,0,0,14.99,1
404063659046,amazon,kindle fire 10,8.0,32,3.00,"24 Dec, 2022 21:59:51 GMT",0,-1,66,"[42.0, 41.0, 40.0, 36.0, 34.0, 32.0]",42.0,-1.0,1280x800,168,0,100.0,96.0,0,0,2,32.0,1
134386302064,amazon,kindle fire hd 10,8.0,32,6.92,"03 Jan, 2023 19:11:00 GMT",0,-1,20,"[31.76, 30.76, 30.0]",31.76,2.0,-1,74,0,100.0,100.0,1,0,2,28.1,1
325458176630,amazon,kindle fire 10,8.0,32,7.99,"02 Jan, 2023 20:00:00 GMT",1,14,-1,"[10.5, 10.0]",10.5,-1.0,-1,35000,0,99.4,99.0,1,0,1,9.99,1
204182156789,amazon,kindle fire hd 10,8.0,32,7.99,"03 Jan, 2023 20:30:00 GMT",1,14,-1,"[28.0, 27.0, 24.0, 12.5, 12.0, 10.0]",28.0,-1.0,-1,35000,0,99.4,99.0,1,0,1,9.99,1
204181072866,amazon,kindle fire hd 10,8.0,32,7.99,"26 Dec, 2022 19:50:00 GMT",1,14,-1,"[17.25, 16.25, 11.0]",17.25,-1.0,-1,35000,0,99.4,99.0,1,0,1,9.99,1
125683906125,amazon,kindle fire hd 10,8.0,32,3.95,"30 Dec, 2022 11:31:04 GMT",1,30,5371,[],50.0,2.0,1280x800,6700,0,100.0,100.0,0,0,0,50.0,0
134369451808,amazon,kindle fire 10,8.0,32,0,"23 Dec, 2022 17:42:28 GMT",0,-1,6,"[48.0, 47.0, 45.0, 41.59, 39.0, 34.0, 30.0, 24.0, 21.0, 20.0, 15.1, 5.69, 3.0]",48.0,2.0,-1,38,0,100.0,100.0,0,0,0,1.02,1
314283323719,samsung,galaxy tab t365,8.0,16,2.75,"21 Dec, 2022 11:19:25 GMT",0,-1,61,"[33.0, 32.0, 25.0]",33.0,4.0,-1,8,0,100.0,100.0,1,0,0,24.9,1
125667308527,samsung,galaxy tab t365,8.0,16,6.92,"23 Dec, 2022 16:40:47 GMT",0,-1,-1,[40.0],40.0,1.5,1280x800,346,0,100.0,100.0,1,0,2,40.0,1
325477012105,apple,ipad 1,9.7,16,6.38,"02 Jan, 2023 19:02:00 GMT",0,-1,1137,[],14.99,-1.0,-1,1900,0,99.5,99.0,1,0,0,14.99,0
234830717579,apple,ipad mini 1,7.9,16,3.50,"01 Jan, 2023 18:00:01 GMT",0,-1,87,"[41.0, 40.0, 38.0, 30.0]",41.0,-1.0,1024x768,142,0,100.0,100.0,1,0,0,25.0,1
325468191274,apple,ipad 1,9.7,16,6.38,"25 Dec, 2022 19:01:18 GMT",0,-1,1137,[],14.99,-1.0,-1,1900,0,99.5,99.0,1,0,0,14.99,0
234836629065,samsung,galaxy tab a8 t290,10.5,32,4.45,"03 Jan, 2023 19:55:25 GMT",0,-1,67,[],99.0,-1.0,1920x1200,182,0,98.6,99.0,1,0,0,99.0,0
234825312094,samsung,galaxy tab a8 t290,10.5,32,4.45,"25 Dec, 2022 11:16:02 GMT",0,-1,67,[],99.0,-1.0,1920x1200,182,0,98.6,99.0,1,0,0,99.0,0
394380895804,samsung,galaxy tab a t590,10.5,32,4.45,"23 Dec, 2022 01:05:48 GMT",0,-1,669,[],150.0,-1.0,-1,1400,0,100.0,99.0,0,0,1,150.0,0
394390994801,samsung,galaxy tab a t590,10.5,32,4.45,"30 Dec, 2022 01:05:58 GMT",0,-1,669,[],150.0,-1.0,-1,1400,0,100.0,99.0,0,0,1,150.0,0
385301420358,samsung,galaxy s5e t720,10.5,64,7.99,"02 Jan, 2023 18:45:00 GMT",1,14,-1,[],129.99,-1.0,-1,35000,0,99.4,99.0,1,0,1,129.99,0
125673241965,samsung,galaxy tab s5e t720,10.5,64,6.92,"27 Dec, 2022 19:00:23 GMT",0,-1,26,"[140.0, 140.0, 86.0]",140.0,4.0,1600x2560,5,0,100.0,100.0,1,0,2,80.0,1
125661174658,samsung,galaxy tab s5e t720,10.5,64,6.92,"20 Dec, 2022 19:00:01 GMT",0,-1,26,"[120.0, 120.0, 92.0, 82.0, 80.0]",120.0,4.0,1600x2560,5,0,100.0,100.0,1,0,2,80.0,1
155307966645,samsung,galaxy tab s2 t813,9.7,32,5.90,"21 Dec, 2022 15:25:01 GMT",1,14,-1,"[16.1, 15.1, 10.0, 9.0, 8.0]",16.1,-1.0,1536x2048,2700,0,99.5,98.0,1,0,1,0.01,1
134377510209,samsung,galaxy tab s2 t813,9.7,32,6.95,"28 Dec, 2022 19:19:08 GMT",0,-1,833,"[51.0, 50.0]",51.0,-1.0,2048x1536,412,0,100.0,100.0,1,0,0,50.0,1
255883779788,samsung,galaxy tab s2 t813,9.7,32,5.99,"22 Dec, 2022 20:36:54 GMT",0,-1,529,[],99.99,3.0,2048x1536,279,0,100.0,99.0,1,0,1,99.99,0
134260721464,samsung,galaxy tab s2 t813,9.7,32,5.55,"09 Oct, 2022 17:51:47 BST",0,-1,78,[50.0],50.0,-1.0,2048x1536,4,0,100.0,100.0,1,0,1,50.0,1
334599750710,samsung,galaxy tab s2 t810,9.7,32,9.50,"27 Oct, 2022 16:13:43 BST",1,30,-1,[14.99],14.99,-1.0,-1,426000,0,100.0,99.0,1,1,2,14.99,1
285083465992,samsung,galaxy tab a t580,10.1,16,4.99,"22 Dec, 2022 12:47:12 GMT",1,14,4816,"[36.0, 35.0, 34.0]",36.0,-1.0,-1,2600,0,100.0,100.0,1,0,0,15.0,1
195522040061,samsung,galaxy tab a6 t585,10.1,16,0,"29 Dec, 2022 20:31:01 GMT",0,-1,52,"[77.0, 75.0, 53.0, 34.0, 32.0, 26.0, 20.82, 20.0]",77.0,2.0,1920x1200,102,0,100.0,100.0,1,0,1,15.0,1
195522034634,samsung,galaxy tab a6 t585,10.1,16,0,"27 Dec, 2022 20:31:01 GMT",0,-1,52,"[56.0, 55.0, 41.0, 39.0, 38.75, 33.0, 31.0, 22.0, 21.0, 20.0, 19.0, 17.0, 15.0]",56.0,2.0,1920x1200,102,0,100.0,100.0,1,0,1,15.0,1
204164568959,samsung,galaxy tab a t550,9.75,16,7.99,"01 Dec, 2022 09:49:00 GMT",1,14,-1,[20.0],20.0,-1.0,-1,35000,0,99.4,99.0,1,0,1,20.0,1
185703052936,samsung,galaxy tab a t580,10.1,16,9.99,"28 Dec, 2022 11:40:29 GMT",0,-1,203,"[54.51, 53.51, 50.0, 40.0, 25.0, 22.0, 5.0, 2.0, 2.0, 1.0]",54.51,-1.0,-1,161,0,100.0,100.0,1,0,0,0.99,1
125671575913,samsung,galaxy tab a t585,10.1,32,0,"26 Dec, 2022 15:09:54 GMT",1,30,-1,[25.0],25.0,2.0,1200x1920,7000,0,98.8,98.0,1,0,2,25.0,1
385142924535,samsung,galaxy tab a6 t585,10.1,32,4.45,"06 Oct, 2022 19:28:41 BST",0,-1,0,"[87.0, 85.0, 62.0]",87.0,4.0,-1,1,0,0.0,0.0,0,0,1,60.0,1
275510843867,samsung,galaxy tab a6 t585,10.1,32,4.45,"25 Oct, 2022 20:26:01 BST",0,-1,257,"[39.0, 38.0, 37.0, 36.0, 25.0, 17.0, 15.0]",39.0,2.0,1920x1200,72,0,88.9,89.0,1,1,0,15.0,1
374384791330,samsung,galaxy tab t585,10.1,32,5.32,"09 Dec, 2022 15:12:55 GMT",0,-1,1,"[74.0, 72.0]",74.0,2.0,1920x1200,2,0,100.0,100.0,1,0,2,30.0,1
225185037755,samsung,galaxy tab a6 t585,10.1,32,5.55,"07 Oct, 2022 14:50:22 BST",0,-1,31,"[128.0, 126.0, 124.0, 50.01, 43.0, 41.0, 39.0, 37.0, 35.0, 30.0]",128.0,2.0,-1,36,0,100.0,100.0,0,0,0,24.0,1
304746775921,apple,ipad pro 2,11.0,128,11.15,"29 Dec, 2022 20:00:01 GMT",0,-1,60,"[400.0, 400.0, 380.0, 360.0, 350.0, 310.0, 310.0, 255.0, 220.0, 214.99]",400.0,-1.0,-1,16,0,100.0,100.0,1,0,2,210.0,1
185708084016,apple,ipad pro 4,11.0,256,8.95,"29 Dec, 2022 19:30:01 GMT",0,-1,471,"[860.0, 840.0, 800.0, 780.0, 760.0, 700.0, 680.0, 560.0, 550.0, 530.0, 520.0, 510.0]",860.0,0.25,2388x1668,652,0,100.0,100.0,0,0,2,500.0,1
185702325142,apple,ipad pro 2,11.0,128,5.55,"24 Dec, 2022 17:00:13 GMT",0,-1,40,"[430.0, 430.0, 330.01, 300.0, 250.0, 230.0, 204.0, 174.0, 169.0, 157.0, 152.0, 94.45, 55.0, 53.0, 50.0, 4.0]",430.0,-1.0,-1,13,0,100.0,100.0,1,0,1,0.99,1
134350304367,apple,ipad pro 5,12.9,128,9.99,"12 Dec, 2022 19:04:23 GMT",0,-1,2365,"[690.0, 670.0]",690.0,-1.0,-1,765,0,100.0,100.0,1,0,1,650.0,1
155317813232,apple,ipad pro 4,11.0,128,0,"22 Dec, 2022 19:18:01 GMT",0,-1,11,"[664.0, 644.0, 641.0, 600.21, 550.0, 510.0, 490.0, 480.0]",664.0,-1.0,-1,3,0,100.0,100.0,0,0,2,480.0,1
204191060496,apple,ipad air 4,10.9,64,7.99,"02 Jan, 2023 20:30:01 GMT",1,14,-1,"[320.0, 310.0, 300.01, 275.0, 233.0]",320.0,4.0,2360x1640,35000,0,99.4,99.0,1,0,1,212.5,1
354472161438,apple,ipad 10,10.9,64,8.95,"26 Dec, 2022 08:17:16 GMT",0,-1,96,"[420.0, 410.0, 340.0, 310.0, 200.0, 113.0, 105.0]",420.0,8.0,2360x1640,100,0,100.0,100.0,0,0,2,105.0,1
364096417278,apple,ipad 9,10.1,64,7.50,"02 Jan, 2023 12:14:31 GMT",0,-1,27,"[280.0, 275.0, 265.0, 260.0, 255.0]",280.0,3.0,2048x1536,70,0,100.0,100.0,1,0,0,250.0,1
165845454970,apple,ipad air 4,10.9,64,6.92,"28 Dec, 2022 16:20:20 GMT",0,-1,8,"[345.0, 340.0, 325.0, 299.0, 284.0, 184.0, 179.0]",345.0,-1.0,2360x1640,5,0,100.0,100.0,1,0,2,179.0,1
374436186794,apple,ipad 9,10.2,64,8.95,"02 Jan, 2023 18:05:01 GMT",0,-1,166,"[310.0, 300.0, 295.0, 250.0, 230.0, 60.0, 50.0, 26.0, 25.0, 15.0, 4.0]",310.0,3.0,-1,303,0,91.3,88.0,0,0,0,0.99,1
404003019931,apple,ipad air 5,10.9,64,11.99,"28 Nov, 2022 22:00:01 GMT",0,-1,210,"[409.0, 399.0, 370.0, 300.0, 300.0, 250.0, 220.0, 201.0, 170.0, 160.0, 106.0, 50.0, 12.0, 10.0, 1.0]",409.0,8.0,2360x1640,163,0,100.0,100.0,1,0,2,1.0,1
155292714986,apple,ipad air 4,10.9,64,12.99,"08 Dec, 2022 12:39:48 GMT",0,-1,915,"[375.0, 365.0, 295.0]",375.0,-1.0,2360x1640,347,0,100.0,100.0,1,0,2,285.0,1
404002995304,apple,ipad air 5,10.9,64,11.95,"27 Nov, 2022 21:48:01 GMT",0,-1,210,"[499.63, 490.0, 465.0, 455.0, 435.0, 405.0, 395.0, 370.0, 295.0, 275.0, 255.0, 180.0, 106.0, 30.0, 6.0]",499.63,8.0,2360x1640,163,0,100.0,100.0,0,0,2,1.0,1
325469439501,apple,ipad pro 4,12.9,256,7.99,"24 Dec, 2022 20:30:01 GMT",1,14,-1,"[511.0, 501.0, 440.0, 325.0, 320.0, 300.0]",511.0,6.0,2732x2048,35000,0,99.4,99.0,1,0,1,299.99,1
165838758753,apple,ipad pro 4,12.9,256,7.00,"24 Dec, 2022 10:50:05 GMT",0,-1,448,"[510.0, 500.0, 500.0, 306.0, 299.0, 294.0, 274.0, 269.0]",510.0,6.0,2732x2048,98,0,100.0,100.0,1,0,2,269.0,1
354466046700,apple,ipad pro 4,12.9,256,6.92,"21 Dec, 2022 18:21:17 GMT",0,-1,1089,"[530.0, 520.0, 510.0]",530.0,6.0,2732x2048,847,0,100.0,100.0,1,0,2,500.0,1
